OBJ_STATUS_,OBJ_IDENTIF,NAME,MIN_X_AXIS_,MAX_X_AXIS_,MIN_Y_AXIS_,MAX_Y_AXIS_,RFC,HUC,CWA,FCST_GP,CH5_ID,TYPE,DESCRIPTION,ATTRIBUTE,NUMBER_ZONE,ZONE_1_MIN_,ZONE_2_MIN_,ZONE_3_MIN_,ZONE_4_MIN_,ZONE_6_MIN_,ZONE_5_MIN_,ZONE_1_SHEF,ZONE_2_SHEF,ZONE_3_SHEF,ZONE_4_SHEF,ZONE_5_SHEF,ZONE_6_SHEF,SHAPE_LE_4
"0","1",WHRQ9NG,-142.1949299538,-140.0631764629,61.2518629404,61.9947822992,APRFC,"0",,Canadian Yukon,WHRQ9,f,White River near Beaver Cr.,WHRQ9NG,"0","0","0","0","0","0","0",,,,,,,0.0000000000
"0","56",WHRQ9GL,-142.2797230897,-140.0461292418,61.1931475581,61.9490487395,APRFC,"0",,Canadian Yukon,WHRQ9,f,White River near Beaver Cr.,WHRQ9GL,"0","0","0","0","0","0","0",,,,,,,0.0000000000
"0","105",SRMQ9UPR,-139.3816295950,-134.0592256609,62.9091425639,64.5511073075,APRFC,"0",,Canadian Yukon,SRMQ9,f,Stewart River at Yukon Mouth,SRMQ9UPR,"0","0","0","0","0","0","0",,,,,,,0.0000000000
"0","432",SRMQ9LWR,-139.3584111248,-134.0695090323,62.9101802161,64.3349001362,APRFC,"0",,Canadian Yukon,SRMQ9,f,Stewart River at Yukon Mouth,SRMQ9LWR,"0","0","0","0","0","0","0",,,,,,,0.0000000000
"0","730",SRFQ9UPR,-136.3796755919,-129.8084081154,62.8508940526,64.5762312584,APRFC,"0",,Canadian Yukon,SRFA2,f,Stewart River near Mayo,SRFQ9UPR,"0","0","0","0","0","0","0",,,,,,,0.0000000000
"0","951",SRFQ9LWR,-136.3451005878,-130.8323801865,63.1350931021,64.4645291000,APRFC,"0",,Canadian Yukon,SRFA2,f,Stewart River near Mayo,SRFQ9LWR,"0","0","0","0","0","0","0",,,,,,,0.0000000000
"0","1170",PRXQ9UPR,-136.5418410437,-129.2043754164,61.2840608468,63.3299518392,APRFC,"0",,Canadian Yukon,PRXQ9,f,Pelly River at Pelly Crossing,PRXQ9UPR,"0","0","0","0","0","0","0",,,,,,,0.0000000000
"0","1812",PRXQ9LWR,-136.5992747033,-129.9664359269,61.6012913210,63.3098694786,APRFC,"0",,Canadian Yukon,PRXQ9,f,Pelly River at Pelly Crossing,PRXQ9LWR,"0","0","0","0","0","0","0",,,,,,,0.0000000000
"0","2427",KLNQ9UPR,-139.4684771504,-136.3945561203,63.6855612037,64.6028248181,APRFC,"0",,Canadian Yukon,KLNQ9,f,Klondike River abv Bonanza R.,KLNQ9UPR,"0","0","0","0","0","0","0",,,,,,,0.0000000000
"0","2513",KLNQ9LWR,-139.4668228710,-136.7655001722,63.6921469128,64.4418034653,APRFC,"0",,Canadian Yukon,KLNQ9,f,Klondike River abv Bonanza R.,KLNQ9LWR,"0","0","0","0","0","0","0",,,,,,,0.0000000000
"0","2601",FMWA2UPR,-143.2758446678,-142.1347637096,63.4270208887,63.8657206048,APRFC,"0",FAI,Fortymile,FMWA2,f,West Fork at Taylor Hwy,FMWA2UPR,"0","0","0","0","0","0","0",,,,,,,0.0000000000
"0","2654",FMWA2LWR,-143.2677705156,-142.1369402673,63.4307170730,63.9111306689,APRFC,"0",FAI,Fortymile,FMWA2,f,West Fork at Taylor Hwy,FMWA2LWR,"0","0","0","0","0","0","0",,,,,,,0.0000000000
"0","2691",FMMA2UPR,-143.8391850153,-142.0037824287,63.7103095478,64.2607569205,APRFC,"0",FAI,Fortymile,FMMA2,f,Mosquito Fork at Taylor Hwy,FMMA2UPR,"0","0","0","0","0","0","0",,,,,,,0.0000000000
"0","2748",FMMA2LWR,-143.6258392186,-141.9973675443,63.7064612970,64.2377826111,APRFC,"0",FAI,Fortymile,FMMA2,f,Mosquito Fork at Taylor Hwy,FMMA2LWR,"0","0","0","0","0","0","0",,,,,,,0.0000000000
"0","2805",FMKA2UPR,-141.7936364900,-140.9547800902,63.7773803564,64.2105187994,APRFC,"0",FAI,Fortymile,FMKA2,f,Walker Fork at Taylor Hwy,FMKA2UPR,"0","0","0","0","0","0","0",,,,,,,0.0000000000
"0","2822",FMKA2LWR,-141.7853283303,-141.0007487074,63.8003968215,64.2024577664,APRFC,"0",FAI,Fortymile,FMKA2,f,Walker Fork at Taylor Hwy,FMKA2LWR,"0","0","0","0","0","0","0",,,,,,,0.0000000000
"0","2846",UCHA2UPR,-146.5896675252,-144.7140696965,64.7352364680,65.2774455777,APRFC,"0",FAI,Tanana,UCHA2,f,Chena River near Two Rivers,UCHA2UPR,"0","0","0","0","0","0","0",,,,,,,0.0000000000
"0","2928",UCHA2LWR,-146.5280531082,-144.9632299230,64.7474711794,65.2523452414,APRFC,"0",FAI,Tanana,UCHA2,f,Chena River near Two Rivers,UCHA2LWR,"0","0","0","0","0","0","0",,,,,,,0.0000000000
"0","3022",TAFA2UPR,-147.6974943279,-145.0718390633,63.4886592697,64.5065668309,APRFC,"0",FAI,Tanana,TAFA2,f,Tanana River at Fairbanks,TAFA2UPR,"0","0","0","0","0","0","0",,,,,,,0.0000000000
"0","3116",TAFA2GL,-147.6974164157,-145.5638438452,63.4604529857,63.8255197598,APRFC,"0",FAI,Tanana,TAFA2,f,Tanana River at Fairbanks,TAFA2GL,"0","0","0","0","0","0","0",,,,,,,0.0000000000
"0","3137",TKGA2LWR,-144.2537931525,-142.8146319237,62.6864974558,63.3283874238,APRFC,"0",FAI,Tanana,TKGA2,f,Tok River near Tok,TKGA2LWR,"0","0","0","0","0","0","0",,,,,,,0.0000000000
"0","3206",TKGA2UPR,-144.2593921215,-142.9979569961,62.6406239157,63.2950470458,APRFC,"0",FAI,Tanana,TKGA2,f,Tok River near Tok,TKGA2UPR,"0","0","0","0","0","0","0",,,,,,,0.0000000000
"0","3292",TSGA2LOC,-143.3901640171,-142.4303686279,63.1992359009,63.4978279362,APRFC,"0",FAI,Tanana,TSGA2,f,Tanana River at Tanacross,TSGA2LOC,"0","0","0","0","0","0","0",,,,,,,0.0000000000
"0","3293",TLNA2LOC,-143.2109301346,-141.7925597017,62.5937760236,63.3450749233,APRFC,"0",FAI,Tanana,TLNA2,f,Tanana River at Tetlin,TLNA2LOC,"0","0","0","0","0","0","0",,,,,,,0.0000000000
"0","3294",SALA2LWR,-146.9680272957,-144.3627693170,64.3060866679,64.9488032515,APRFC,"0",FAI,Tanana,SALA2,f,Salcha River near Salchaket,SALA2LWR,"0","0","0","0","0","0","0",,,,,,,0.0000000000
"0","3424",SALA2UPR,-146.7497985536,-143.9099836868,64.3268298090,65.1188853488,APRFC,"0",FAI,Tanana,SALA2,f,Salcha River near Salchaket,SALA2UPR,"0","0","0","0","0","0","0",,,,,,,0.0000000000
"0","3543",NEBA2LWR,-143.4269715191,-141.8967107036,62.0534514796,63.0479396321,APRFC,"0",FAI,Tanana,NEBA2,f,Nabesna River near Northway,NEBA2LWR,"0","0","0","0","0","0","0",,,,,,,0.0000000000
"0","3622",NEBA2UG,-143.9339038612,-142.4305420888,61.7059299869,62.6395995580,APRFC,"0",FAI,Tanana,NEBA2,f,Nabesna River near Northway,NEBA2UG,"0","0","0","0","0","0","0",,,,,,,0.0000000000
"0","3672",NEBA2LG,-143.6683189948,-142.3380484989,61.7858210327,62.6395995580,APRFC,"0",FAI,Tanana,NEBA2,f,Nabesna River near Northway,NEBA2LG,"0","0","0","0","0","0","0",,,,,,,0.0000000000
"0","3734",NEBA2UPR,-143.7134348805,-142.1461714388,61.7384232605,62.7123986918,APRFC,"0",FAI,Tanana,NEBA2,f,Nabesna River near Northway,NEBA2UPR,"0","0","0","0","0","0","0",,,,,,,0.0000000000
"0","3853",MCDA2LOC,-147.2315066523,-146.7600659313,64.7434757027,64.9437624674,APRFC,"0",FAI,Tanana,MCDA2,f,Chena River at Moose Cr. Dam,MCDA2LOC,"0","0","0","0","0","0","0",,,,,,,0.0000000000
"0","3854",HNRA2UPR,-149.4549614130,-147.3445288827,63.1147420160,63.8172494776,APRFC,"0",FAI,Tanana,HNRA2,f,Nenana River at Healy,HNRA2UPR,"0","0","0","0","0","0","0",,,,,,,0.0000000000
"0","3930",HNRA2LWR,-149.3550873736,-147.6514350969,63.2041657371,63.8480782846,APRFC,"0",FAI,Tanana,HNRA2,f,Nenana River at Healy,HNRA2LWR,"0","0","0","0","0","0","0",,,,,,,0.0000000000
"0","3994",HNRA2GL,-147.9542652999,-147.2637135741,63.4833756959,63.6811817261,APRFC,"0",FAI,Tanana,HNRA2,f,Nenana River at Healy,HNRA2GL,"0","0","0","0","0","0","0",,,,,,,0.0000000000
"0","4003",GBDA2UPR,-145.0890940923,-143.6092376428,64.2360950328,64.6524518486,APRFC,"0",FAI,Tanana,GBDA2,f,Goodpaster River nr Big Delta,GBDA2UPR,"0","0","0","0","0","0","0",,,,,,,0.0000000000
"0","4035",GBDA2LWR,-145.0823496288,-143.7151716368,64.3205047783,64.6243966702,APRFC,"0",FAI,Tanana,GBDA2,f,Goodpaster River nr Big Delta,GBDA2LWR,"0","0","0","0","0","0","0",,,,,,,0.0000000000
"0","4076",ENNA2UPR,-148.9255092833,-147.1220086250,63.6353052780,64.1750883162,APRFC,"0",FAI,Tanana,ENNA2,f,Tanana River at Nenana,ENNA2UPR,"0","0","0","0","0","0","0",,,,,,,0.0000000000
"0","4158",ENNA2LWR,-149.1097959128,-147.1350365314,63.7594849479,64.9191975275,APRFC,"0",FAI,Tanana,ENNA2,f,Tanana River at Nenana,ENNA2LWR,"0","0","0","0","0","0","0",,,,,,,0.0000000000
"0","4240",DBRA2UPR,-146.6271809037,-145.3899381163,62.8981004879,63.5360833199,APRFC,"0",FAI,Tanana,DBRA2,f,Delta River at Black Rapids,DBRA2UPR,"0","0","0","0","0","0","0",,,,,,,0.0000000000
"0","4499",DBRA2LWR,-146.3469013449,-145.6347872326,62.9277901714,63.5313543773,APRFC,"0",FAI,Tanana,DBRA2,f,Delta River at Black Rapids,DBRA2LWR,"0","0","0","0","0","0","0",,,,,,,0.0000000000
"0","4709",DBRA2GL,-146.6720305059,-145.2837907711,63.2162452299,63.5520634048,APRFC,"0",FAI,Tanana,DBRA2,f,Delta River at Black Rapids,DBRA2GL,"0","0","0","0","0","0","0",,,,,,,0.0000000000
"0","4730",CRSA2UPR,-147.4605930271,-145.9737120223,65.1437634480,65.4533584911,APRFC,"0",FAI,Tanana,CRSA2,f,Chatanika River at Steese Hwy,CRSA2UPR,"0","0","0","0","0","0","0",,,,,,,0.0000000000
"0","4764",CRSA2LWR,-147.4178471687,-146.1474976010,65.1437634480,65.4000745384,APRFC,"0",FAI,Tanana,CRSA2,f,Chatanika River at Steese Hwy,CRSA2LWR,"0","0","0","0","0","0","0",,,,,,,0.0000000000
"0","4807",CRNA2UPR,-142.6753893131,-140.3588736058,61.8355613331,63.0564669296,APRFC,"0",FAI,Tanana,CRNA2,f,Chisana River at Northway,CRNA2UPR,"0","0","0","0","0","0","0",,,,,,,0.0000000000
"0","4874",CRNA2UG,-142.7175224550,-142.1148511508,61.8271670554,62.2894549930,APRFC,"0",FAI,Tanana,CRNA2,f,Chisana River at Northway,CRNA2UG,"0","0","0","0","0","0","0",,,,,,,0.0000000000
"0","4902",CRNA2LWR,-142.3407369538,-140.3588356487,61.9644728310,63.1819734651,APRFC,"0",FAI,Tanana,CRNA2,f,Chisana River at Northway,CRNA2LWR,"0","0","0","0","0","0","0",,,,,,,0.0000000000
"0","4931",CRNA2LG,-142.6404347397,-142.1106335374,61.9019096141,62.2876303243,APRFC,"0",FAI,Tanana,CRNA2,f,Chisana River at Northway,CRNA2LG,"0","0","0","0","0","0","0",,,,,,,0.0000000000
"0","4973",CRHA2UPR,-146.8134608290,-145.8988238824,64.6235646333,65.0151358087,APRFC,"0",FAI,Tanana,CRHA2,f,Chena River at Hunts Creek,CRHA2UPR,"0","0","0","0","0","0","0",,,,,,,0.0000000000
"0","5020",CRHA2LWR,-146.9434616086,-145.9217752497,64.6283617425,65.0111660034,APRFC,"0",FAI,Tanana,CRHA2,f,Chena River at Hunts Creek,CRHA2LWR,"0","0","0","0","0","0","0",,,,,,,0.0000000000
"0","5057",CHLA2UPR,-147.4612729490,-146.4605148942,64.9467984560,65.1939004588,APRFC,"0",FAI,Tanana,CHLA2,f,Little Chena R. near Fairbanks,CHLA2UPR,"0","0","0","0","0","0","0",,,,,,,0.0000000000
"0","5093",CHLA2LWR,-147.4770846275,-146.4765440211,64.8463800127,65.1894288396,APRFC,"0",FAI,Tanana,CHLA2,f,Little Chena R. near Fairbanks,CHLA2LWR,"0","0","0","0","0","0","0",,,,,,,0.0000000000
"0","5132",CHAA2LOC,-147.7389201108,-147.0396219337,65.0312159600,65.2395757144,APRFC,"0",FAI,Tanana,CHAA2,f,Chatanika River at Elliot Hwy,CHAA2LOC,"0","0","0","0","0","0","0",,,,,,,0.0000000000
"0","5133",BGDA2UPR,-145.6044495662,-142.9109905792,63.0262611324,64.4675311867,APRFC,"0",FAI,Tanana,BGDA2,f,Tanana River at Big Delta,BGDA2UPR,"0","0","0","0","0","0","0",,,,,,,0.0000000000
"0","5295",BGDA2LWR,-145.8641573023,-142.9194017744,63.2304295539,64.4738324653,APRFC,"0",FAI,Tanana,BGDA2,f,Tanana River at Big Delta,BGDA2LWR,"0","0","0","0","0","0","0",,,,,,,0.0000000000
"0","5406",BGDA2GL,-145.6136479205,-144.2136837479,63.1103464214,63.5870080569,APRFC,"0",FAI,Tanana,BGDA2,f,Tanana River at Big Delta,BGDA2GL,"0","0","0","0","0","0","0",,,,,,,0.0000000000
"0","5433",TYAA2UPR,-135.5712386037,-135.2241258809,59.4740969682,59.7632829582,APRFC,"0",JNU,Southeast,TYAA2,f,Taiya River near Haines,TYAA2UPR,"0","0","0","0","0","0","0",,,,,,,0.0000000000
"0","5442",TYAA2UG,-135.6163359705,-135.2240641114,59.4730533614,59.7988702689,APRFC,"0",JNU,Southeast,TYAA2,f,Taiya River near Haines,TYAA2UG,"0","0","0","0","0","0","0",,,,,,,0.0000000000
"0","5459",TYAA2LWR,-135.5224944895,-135.2446800063,59.4941616391,59.6999862896,APRFC,"0",JNU,Southeast,TYAA2,f,Taiya River near Haines,TYAA2LWR,"0","0","0","0","0","0","0",,,,,,,0.0000000000
"0","5464",TYAA2LG,-135.6077302033,-135.2344073424,59.4760557745,59.7710605225,APRFC,"0",JNU,Southeast,TYAA2,f,Taiya River near Haines,TYAA2LG,"0","0","0","0","0","0","0",,,,,,,0.0000000000
"0","5477",TKUA2UPR,-134.0299168495,-130.9924789666,57.9094590453,59.5065656252,APRFC,"0",JNU,Southeast,TKUA2,f,Taku River near Juneau,TKUA2UPR,"0","0","0","0","0","0","0",,,,,,,0.0000000000
"0","5629",TKUA2LWR,-133.9784124750,-130.9458988375,57.9457933900,59.4986773925,APRFC,"0",JNU,Southeast,TKUA2,f,Taku River near Juneau,TKUA2LWR,"0","0","0","0","0","0","0",,,,,,,0.0000000000
"0","5726",TKUA2GL,-134.2640850839,-131.8801697651,57.8814968214,59.0200157115,APRFC,"0",JNU,Southeast,TKUA2,f,Taku River near Juneau,TKUA2GL,"0","0","0","0","0","0","0",,,,,,,0.0000000000
"0","5777",STTQ2UPR,-132.0137127203,-129.4578243330,57.5560992725,59.2653530456,APRFC,"0",JNU,Southeast,STTQ2,f,Stikine River at Telegraph Cr.,STTQ2UPR,"0","0","0","0","0","0","0",,,,,,,0.0000000000
"0","5827",STTQ2LWR,-131.7943862655,-129.6977870033,57.5339441037,59.1929084158,APRFC,"0",JNU,Southeast,STTQ2,f,Stikine River at Telegraph Cr.,STTQ2LWR,"0","0","0","0","0","0","0",,,,,,,0.0000000000
"0","5859",STKA2UPR,-132.1859517726,-131.0877082953,56.4140478835,57.5023298898,APRFC,"0",JNU,Southeast,STKA2,f,Stikine River near Wrangell,STKA2UPR,"0","0","0","0","0","0","0",,,,,,,0.0000000000
"0","5996",STKA2LWR,-132.2707473776,-131.1050947236,56.4131670833,57.4992985634,APRFC,"0",JNU,Southeast,STKA2,f,Stikine River near Wrangell,STKA2LWR,"0","0","0","0","0","0","0",,,,,,,0.0000000000
"0","6042",STKA2GL,-132.2690303741,-131.0413335091,56.3930370975,57.4823109505,APRFC,"0",JNU,Southeast,STKA2,f,Stikine River near Wrangell,STKA2GL,"0","0","0","0","0","0","0",,,,,,,0.0000000000
"0","6099",SRYA2UPR,-139.4154860657,-139.3682799808,59.6658895088,59.6986347123,APRFC,"0",JNU,Southeast,SRYA2,f,Situk River near Yakutat,SRYA2UPR,"0","0","0","0","0","0","0",,,,,,,0.0000000000
"0","6100",SRYA2LWR,-139.5115587465,-139.3155483128,59.5814887074,59.6950442451,APRFC,"0",JNU,Southeast,SRYA2,f,Situk River near Yakutat,SRYA2LWR,"0","0","0","0","0","0","0",,,,,,,0.0000000000
"0","6102",SKGA2UPR,-135.3127410228,-134.9499872416,59.4220883193,59.7363872905,APRFC,"0",JNU,Southeast,SKGA2,f,Skagway River near Skagway,SKGA2UPR,"0","0","0","0","0","0","0",,,,,,,0.0000000000
"0","6113",SKGA2LWR,-135.3163464502,-135.0246880196,59.4500130009,59.7213184892,APRFC,"0",JNU,Southeast,SKGA2,f,Skagway River near Skagway,SKGA2LWR,"0","0","0","0","0","0","0",,,,,,,0.0000000000
"0","6119",SGCQ2UPR,-129.9551009761,-126.7743484022,57.0470004177,58.4358853503,APRFC,"0",JNU,Southeast,SGCQ2,f,Stikine River at Grand Canyon,SGCQ2UPR,"0","0","0","0","0","0","0",,,,,,,0.0000000000
"0","6158",SGCQ2LWR,-129.9644971895,-127.0269640868,57.1282058810,58.3412600744,APRFC,"0",JNU,Southeast,SGCQ2,f,Stikine River at Grand Canyon,SGCQ2LWR,"0","0","0","0","0","0","0",,,,,,,0.0000000000
"0","6208",SBFQ2UPR,-132.6498202229,-130.6052352362,57.1128009784,58.0236978196,APRFC,"0",JNU,Southeast,SBFQ2,f,Stikine River abv Butterfly Cr,SBFQ2UPR,"0","0","0","0","0","0","0",,,,,,,0.0000000000
"0","6302",SBFQ2LWR,-132.5610932737,-130.7272538743,57.1128007967,58.0102723709,APRFC,"0",JNU,Southeast,SBFQ2,f,Stikine River abv Butterfly Cr,SBFQ2LWR,"0","0","0","0","0","0","0",,,,,,,0.0000000000
"0","6323",SBFQ2GL,-132.7884043857,-130.6163490278,57.1031383414,58.0332122198,APRFC,"0",JNU,Southeast,SBRQ2,f,Stikine River abv Butterfly Cr,SBFQ2GL,"0","0","0","0","0","0","0",,,,,,,0.0000000000
"0","6364",MNDA2UG,-134.6175435937,-134.3574507164,58.4138086197,58.5804465738,APRFC,"0",JNU,Southeast,MNDA2,f,Mendenhall River near Auke Bay,MNDA2UG,"0","0","0","0","0","0","0",,,,,,,0.0000000000
"0","6375",MNDA2NG,-134.6172025512,-134.4344944126,58.3807505594,58.4905661360,APRFC,"0",JNU,Southeast,MNDA2,f,Mendenhall River near Auke Bay,MNDA2NG,"0","0","0","0","0","0","0",,,,,,,0.0000000000
"0","6378",MNDA2LG,-134.6161026591,-134.3691016920,58.4061503793,58.5732552937,APRFC,"0",JNU,Southeast,MNDA2,f,Mendenhall River near Auke Bay,MNDA2LG,"0","0","0","0","0","0","0",,,,,,,0.0000000000
"0","6383",MCAA2UPR,-134.6811090325,-134.5815741063,58.4354240375,58.4890317795,APRFC,"0",JNU,Southeast,MCAA2,f,Montana Creek near Auke Bay,MCAA2UPR,"0","0","0","0","0","0","0",,,,,,,0.0000000000
"0","6385",MCAA2LWR,-134.6930337298,-134.5938396996,58.3973796205,58.4743136473,APRFC,"0",JNU,Southeast,MCAA2,f,Montana Creek near Auke Bay,MCAA2LWR,"0","0","0","0","0","0","0",,,,,,,0.0000000000
"0","6389",ISKQ2UPR,-131.6872570589,-129.6724629397,56.4100665884,57.9084754801,APRFC,"0",ANC,Southeast,ISKQ2,f,Iskut River blw Johnson River,ISKQ2UPR,"0","0","0","0","0","0","0",,,,,,,0.0000000000
"0","6522",ISKQ2LWR,-131.7061773888,-129.7010536945,56.4529160069,57.9074708608,APRFC,"0",ANC,Southeast,ISKQ2,f,Iskut River blw Johnson River,ISKQ2LWR,"0","0","0","0","0","0","0",,,,,,,0.0000000000
"0","6574",ISKQ2GL,-131.6643252432,-129.6914601541,56.4043244292,57.7918357588,APRFC,"0",ANC,Southeast,ISKQ2,f,Iskut River blw Johnson River,ISKQ2GL,"0","0","0","0","0","0","0",,,,,,,0.0000000000
"0","6657",ILRA2UPR,-153.7823996560,-153.4090992307,59.7217205134,59.9677242562,APRFC,"0",ANC,Southwest,ILRA2,f,Iliamna River near Pedro Bay,ILRA2UPR,"0","0","0","0","0","0","0",,,,,,,0.0000000000
"0","6683",ILRA2LWR,-153.8634246739,-153.4223306885,59.7319877187,59.9525345193,APRFC,"0",ANC,Southwest,ILRA2,f,Iliamna River near Pedro Bay,ILRA2LWR,"0","0","0","0","0","0","0",,,,,,,0.0000000000
"0","6704",SGRA2UPR,-149.8785667265,-147.4029930679,68.1060609040,68.7734004213,APRFC,"0",FAI,NorthSlope,SGRA2,f,Sag River near Pump stn 3,SGRA2UPR,"0","0","0","0","0","0","0",,,,,,,0.0000000000
"0","6801",SGRA2LWR,-149.5699617154,-147.4815510810,68.2388456728,69.0233115795,APRFC,"0",FAI,NorthSlope,SGRA2,f,Sag River near Pump stn 3,SGRA2LWR,"0","0","0","0","0","0","0",,,,,,,0.0000000000
"0","6902",KUPA2UPR,-150.1855837650,-148.6825492556,68.4816635419,69.5938437531,APRFC,"0",FAI,NorthSlope,KUPA2,f,Kuparuk River near Deadhorse,KUPA2UPR,"0","0","0","0","0","0","0",,,,,,,0.0000000000
"0","7202",KUPA2LWR,-150.7541617710,-148.6829796604,69.0414005316,70.2906514837,APRFC,"0",FAI,NorthSlope,KUPA2,f,Kuparuk River near Deadhorse,KUPA2LWR,"0","0","0","0","0","0","0",,,,,,,0.0000000000
"0","7460",CRUA2UPR,-160.4345504661,-152.9243811506,67.7404893533,68.8346003613,APRFC,"0",FAI,NorthSlope,CRUA2,f,Colville River at Umiat,CRUA2UPR,"0","0","0","0","0","0","0",,,,,,,0.0000000000
"0","7810",CRUA2MID,-160.7543332584,-152.4119983004,67.8397301243,69.4686284295,APRFC,"0",FAI,NorthSlope,CRUA2,f,Colville River at Umiat,CRUA2MID,"0","0","0","0","0","0","0",,,,,,,0.0000000000
"0","8379",CRUA2LWR,-157.9190888362,-152.0411718618,68.7565120777,69.4686284295,APRFC,"0",FAI,NorthSlope,CRUA2,f,Colville River at Umiat,CRUA2LWR,"0","0","0","0","0","0","0",,,,,,,0.0000000000
"0","8578",YSSA2UPR,-151.7723227527,-150.7349900184,61.6597118474,63.0813335728,APRFC,"0",ANC,Matsu,YSSA2,f,Yentna River at Susitna Stn,YSSA2UPR,"0","0","0","0","0","0","0",,,,,,,0.0000000000
"0","8723",YSSA2UG,-151.6756925998,-150.9758496454,62.5747027187,63.0768863587,APRFC,"0",ANC,Matsu,YSSA2,f,Yentna River at Susitna Stn,YSSA2UG,"0","0","0","0","0","0","0",,,,,,,0.0000000000
"0","8769",YSSA2LWR,-151.7720253534,-150.4263098878,61.5633294049,62.6919588026,APRFC,"0",ANC,Matsu,YSSA2,f,Yentna River at Susitna Stn,YSSA2LWR,"0","0","0","0","0","0","0",,,,,,,0.0000000000
"0","8806",YSSA2LG,-151.5633555411,-151.0748282946,62.4746162476,62.7458158015,APRFC,"0",ANC,Matsu,YSSA2,f,Yentna River at Susitna Stn,YSSA2LG,"0","0","0","0","0","0","0",,,,,,,0.0000000000
"0","8824",YLKA2UPR,-152.8930026703,-151.2289412488,62.0009749258,62.9521534579,APRFC,"0",ANC,Matsu,YLKA2,f,Yentna River at Lake Creek,YLKA2UPR,"0","0","0","0","0","0","0",,,,,,,0.0000000000
"0","8953",YLKA2UG,-152.8169117764,-151.3067833817,62.3475176034,62.9514721278,APRFC,"0",ANC,Matsu,YLKA2,f,Yentna River at Lake Creek,YLKA2UG,"0","0","0","0","0","0","0",,,,,,,0.0000000000
"0","9012",YLKA2LWR,-152.8379229252,-150.8629949495,61.8554932407,62.7357620993,APRFC,"0",ANC,Matsu,YLKA2,f,Yentna River at Lake Creek,YLKA2LWR,"0","0","0","0","0","0","0",,,,,,,0.0000000000
"0","9085",YLKA2LG,-152.8164490245,-151.4342658279,62.3475508334,62.8177309203,APRFC,"0",ANC,Matsu,YLKA2,f,Yentna River at Lake Creek,YLKA2LG,"0","0","0","0","0","0","0",,,,,,,0.0000000000
"0","9150",WLWA2UPR,-149.6829726623,-149.2432346825,61.7118414495,61.9060297029,APRFC,"0",ANC,Matsu,WLWA2,f,Willow Creek near Willow,WLWA2UPR,"0","0","0","0","0","0","0",,,,,,,0.0000000000
"0","9158",WLWA2LWR,-149.8940549694,-149.3010150506,61.7250990740,61.8982348060,APRFC,"0",ANC,Matsu,WLWA2,f,Willow Creek near Willow,WLWA2LWR,"0","0","0","0","0","0","0",,,,,,,0.0000000000
"0","9170",WILA2LOC,-150.0816652058,-149.5685879788,61.6715667436,61.8363578306,APRFC,"0",ANC,Matsu,WILA2,f,Willow Creek at Parks Hwy,WILA2LOC,"0","0","0","0","0","0","0",,,,,,,0.0000000000
"0","9171",TRTA2UPR,-149.8550193936,-148.1374650063,61.9652716584,62.7262166337,APRFC,"0",ANC,Matsu,TRTA2,f,Talkeetna River nr Talkeetna,TRTA2UPR,"0","0","0","0","0","0","0",,,,,,,0.0000000000
"0","9273",TRTA2LWR,-150.0542974027,-148.4038501329,62.0587486403,62.7445171113,APRFC,"0",ANC,Matsu,TRTA2,f,Talkeetna River nr Talkeetna,TRTA2LWR,"0","0","0","0","0","0","0",,,,,,,0.0000000000
"0","9371",TRTA2GL,-149.0777216734,-148.4819162013,61.9555261933,62.2479417823,APRFC,"0",ANC,Matsu,TRTA2,f,Talkeetna River nr Talkeetna,TRTA2GL,"0","0","0","0","0","0","0",,,,,,,0.0000000000
"0","9373",SUNA2LOC,-150.3845180254,-149.4800510254,62.1642438554,62.8205999559,APRFC,"0",ANC,Matsu,SUNA2,f,Susitna River at Sunshine,SUNA2LOC,"0","0","0","0","0","0","0",,,,,,,0.0000000000
"0","9374",SUDA2UPR,-147.7646181190,-146.5764734121,63.0684615223,63.5543038253,APRFC,"0",ANC,Matsu,SUDA2,f,Susitna River near Denali,SUDA2UPR,"0","0","0","0","0","0","0",,,,,,,0.0000000000
"0","9447",SUDA2UG,-147.6093993046,-146.5761851545,63.3524539399,63.6353554233,APRFC,"0",ANC,Matsu,SUDA2,f,Susitna River near Denali,SUDA2UG,"0","0","0","0","0","0","0",,,,,,,0.0000000000
"0","9464",SUDA2LWR,-147.7470017760,-146.7925328340,63.0685408275,63.5202894164,APRFC,"0",ANC,Matsu,SUDA2,f,Susitna River near Denali,SUDA2LWR,"0","0","0","0","0","0","0",,,,,,,0.0000000000
"0","9514",SUDA2LG,-147.6076646975,-146.6542586031,63.3475672379,63.5958324498,APRFC,"0",ANC,Matsu,SUDA2,f,Susitna River near Denali,SUDA2LG,"0","0","0","0","0","0","0",,,,,,,0.0000000000
"0","9545",SUCA2UPR,-148.1852536284,-146.2592986099,62.0722839915,63.2690056565,APRFC,"0",ANC,Matsu,SUCA2,f,Susitna River near Cantwell,SUCA2UPR,"0","0","0","0","0","0","0",,,,,,,0.0000000000
"0","9893",SUCA2LWR,-147.9525564538,-146.2594336862,62.1792478428,63.1273237258,APRFC,"0",ANC,Matsu,SUCA2,f,Susitna River near Cantwell,SUCA2LWR,"0","0","0","0","0","0","0",,,,,,,0.0000000000
"0","10222",SKWA2UG,-152.9281853886,-151.9882958896,61.3905823358,61.9404769127,APRFC,"0",ANC,Matsu,SKWA2,f,Skwentna River at Skwentna,SKWA2UG,"0","0","0","0","0","0","0",,,,,,,0.0000000000
"0","10257",SKWA2LG,-152.9186516038,-152.0391607673,61.4273123446,61.9434641029,APRFC,"0",ANC,Matsu,SKWA2,f,Skwentna River at Skwentna,SKWA2LG,"0","0","0","0","0","0","0",,,,,,,0.0000000000
"0","10275",MONA2UPR,-149.7689246806,-149.3773361172,62.1649223278,62.3192958163,APRFC,"0",ANC,Matsu,MONA2,f,Montana Creek near Talkeetna,MONA2UPR,"0","0","0","0","0","0","0",,,,,,,0.0000000000
"0","10296",MONA2LWR,-150.0637679149,-149.4528920907,62.1176476716,62.3244511058,APRFC,"0",ANC,Matsu,MONA2,f,Montana Creek near Talkeetna,MONA2LWR,"0","0","0","0","0","0","0",,,,,,,0.0000000000
"0","10312",MACA2UPR,-146.8923823044,-146.1926106690,63.1152998367,63.3906345766,APRFC,"0",ANC,Matsu,MACA2,f,Maclaren River at Denali Hwy,MACA2UPR,"0","0","0","0","0","0","0",,,,,,,0.0000000000
"0","10344",MACA2UG,-146.7720190356,-146.3797886234,63.3203686508,63.4230087939,APRFC,"0",ANC,Matsu,MACA2,f,Maclaren River at Denali Hwy,MACA2UG,"0","0","0","0","0","0","0",,,,,,,0.0000000000
"0","10346",MACA2LWR,-147.1514314466,-146.1944835901,63.0768061190,63.3714461578,APRFC,"0",ANC,Matsu,MACA2,f,Maclaren River at Denali Hwy,MACA2LWR,"0","0","0","0","0","0","0",,,,,,,0.0000000000
"0","10369",MACA2LG,-146.7478658333,-146.3522795072,63.2752146616,63.4029052410,APRFC,"0",ANC,Matsu,MACA2,f,Maclaren River at Denali Hwy,MACA2LG,"0","0","0","0","0","0","0",,,,,,,0.0000000000
"0","10377",LSUA2UPR,-149.3285784561,-149.0466108350,61.7259386031,61.8758675327,APRFC,"0",ANC,Matsu,LSUA2,f,Little Susitna River nr Palmer,LSUA2UPR,"0","0","0","0","0","0","0",,,,,,,0.0000000000
"0","10378",LSUA2LWR,-149.2911622171,-149.0739115664,61.7056504866,61.8455018295,APRFC,"0",ANC,Matsu,LSUA2,f,Little Susitna River nr Palmer,LSUA2LWR,"0","0","0","0","0","0","0",,,,,,,0.0000000000
"0","10379",LSUA2GL,-149.1051216251,-149.0508949402,61.8552609370,61.8786064784,APRFC,"0",ANC,Matsu,LSUA2,f,Little Susitna River nr Palmer,LSUA2GL,"0","0","0","0","0","0","0",,,,,,,0.0000000000
"0","10382",LSHA2UPR,-149.7829674740,-149.2591915603,61.6719050901,61.7425838368,APRFC,"0",ANC,Matsu,LSHA2,f,Little Susitna River @ Houston,LSHA2UPR,"0","0","0","0","0","0","0",,,,,,,0.0000000000
"0","10385",LSHA2LWR,-149.8328466841,-149.2294456453,61.6110244153,61.7207301966,APRFC,"0",ANC,Matsu,LSHA2,f,Little Susitna River @ Houston,LSHA2LWR,"0","0","0","0","0","0","0",,,,,,,0.0000000000
"0","10386",GCSA2UPR,-149.7722554518,-147.4967963527,62.3019679666,63.1644983349,APRFC,"0",ANC,Matsu,GCSA2,f,Susitna River at Gold Creek,GCSA2UPR,"0","0","0","0","0","0","0",,,,,,,0.0000000000
"0","10475",GCSA2LWR,-149.7542156125,-147.5008266244,62.5520115926,63.0987259158,APRFC,"0",ANC,Matsu,GCSA2,f,Susitna River at Gold Creek,GCSA2LWR,"0","0","0","0","0","0","0",,,,,,,0.0000000000
"0","10581",SLAA2UPR,-150.1203616023,-149.6990051015,67.1530922739,67.3285816926,APRFC,"0",FAI,Koyukuk,SLAA2,f,Slate Creek near Coldfoot,SLAA2UPR,"0","0","0","0","0","0","0",,,,,,,0.0000000000
"0","10590",SLAA2LWR,-150.1784115250,-149.7731403648,67.1594074171,67.2878905837,APRFC,"0",FAI,Koyukuk,SLAA2,f,Slate Creek near Coldfoot,SLAA2LWR,"0","0","0","0","0","0","0",,,,,,,0.0000000000
"0","10599",SFKA2UPR,-151.2964534727,-148.9406656221,66.4821805787,67.5365817721,APRFC,"0",FAI,Koyukuk,SRKA2,f,South Fork Koyukuk River,SFKA2UPR,"0","0","0","0","0","0","0",,,,,,,0.0000000000
"0","10763",SFKA2LWR,-151.9364200603,-149.1176981932,66.4655806195,67.4993018368,APRFC,"0",FAI,Koyukuk,SRKA2,f,South Fork Koyukuk River,SFKA2LWR,"0","0","0","0","0","0","0",,,,,,,0.0000000000
"0","10899",MFKA2UPR,-150.3659689153,-148.7619549374,67.4239870000,68.1316070409,APRFC,"0",FAI,Koyukuk,MFKA2,f,Middle Fork Koyukuk River,MFKA2UPR,"0","0","0","0","0","0","0",,,,,,,0.0000000000
"0","10948",MFKA2LWR,-150.2220563899,-149.0668859246,67.4324922480,67.9716978384,APRFC,"0",FAI,Koyukuk,MFKA2,f,Middle Fork Koyukuk River,MFKA2LWR,"0","0","0","0","0","0","0",,,,,,,0.0000000000
"0","11019",KRHA2LOC,-155.0193421856,-151.7778911028,65.9807013023,67.5216481937,APRFC,"0",FAI,Koyukuk,KRHA2,f,Koyukuk River at Hughes,KRHA2LOC,"0","0","0","0","0","0","0",,,,,,,0.0000000000
"0","11021",KNRA2UPR,-153.8113869220,-150.0072378407,65.7100911504,66.5445817493,APRFC,"0",FAI,Koyukuk,KNRA2,f,Kanuti River near Hughes,KNRA2UPR,"0","0","0","0","0","0","0",,,,,,,0.0000000000
"0","11151",KNRA2LWR,-153.8113869765,-150.1355596269,65.7532559985,66.5615286872,APRFC,"0",FAI,Koyukuk,KNRA2,f,Kanuti River near Hughes,KNRA2LWR,"0","0","0","0","0","0","0",,,,,,,0.0000000000
"0","11263",KNFA2UPR,-151.7990605024,-150.1489924826,67.1430175151,68.1199909665,APRFC,"0",FAI,Koyukuk,KNFA2,f,North Fork Koyukuk nr Bettles,KNFA2UPR,"0","0","0","0","0","0","0",,,,,,,0.0000000000
"0","11322",KNFA2LWR,-151.6348513332,-150.2617914901,67.0569233073,67.9960970406,APRFC,"0",FAI,Koyukuk,KNFA2,f,North Fork Koyukuk nr Bettles,KNFA2LWR,"0","0","0","0","0","0","0",,,,,,,0.0000000000
"0","11409",JONA2UPR,-153.3990822705,-151.4987489875,67.0549542120,68.2324748743,APRFC,"0",FAI,Koyukuk,JONA2,f,John River near Bettles,JONA2UPR,"0","0","0","0","0","0","0",,,,,,,0.0000000000
"0","11485",JONA2LWR,-153.0243212291,-151.5570258486,66.9113537974,68.1329079805,APRFC,"0",FAI,Koyukuk,JONA2,f,John River near Bettles,JONA2LWR,"0","0","0","0","0","0","0",,,,,,,0.0000000000
"0","11578",JIRA2UPR,-150.8552823205,-149.5736332481,66.7445468754,66.9827570113,APRFC,"0",FAI,Koyukuk,JIRA2,f,Jim River South Fork Koyukuk,JIRA2UPR,"0","0","0","0","0","0","0",,,,,,,0.0000000000
"0","11622",JIRA2LWR,-150.9154631476,-149.7200444130,66.7405261044,66.9719176174,APRFC,"0",FAI,Koyukuk,JIRA2,f,Jim River South Fork Koyukuk,JIRA2LWR,"0","0","0","0","0","0","0",,,,,,,0.0000000000
"0","11662",BTTA2UPR,-151.7778911876,-149.5825054775,66.9171794579,67.6581685326,APRFC,"0",FAI,Koyukuk,BTTA2,f,Koyukuk River at Bettles,BTTA2UPR,"0","0","0","0","0","0","0",,,,,,,0.0000000000
"0","11732",BTTA2LWR,-151.7778911828,-149.8467654908,66.9113580189,67.6213885841,APRFC,"0",FAI,Koyukuk,BTTA2,f,Koyukuk River at Bettles,BTTA2LWR,"0","0","0","0","0","0","0",,,,,,,0.0000000000
"0","11782",ALAA2UPR,-155.4451708928,-152.2743350184,66.7489503017,67.9699235610,APRFC,"0",FAI,Koyukuk,ALAA2,f,Alatna River near Allakaket,ALAA2UPR,"0","0","0","0","0","0","0",,,,,,,0.0000000000
"0","11905",ALAA2LWR,-155.0318274786,-152.2774067771,66.4490605310,67.8064590363,APRFC,"0",FAI,Koyukuk,ALAA2,f,Alatna River near Allakaket,ALAA2LWR,"0","0","0","0","0","0","0",,,,,,,0.0000000000
"0","12028",ALLA2LOC,-153.0781157222,-151.4445909109,66.4068711663,67.0952433963,APRFC,"0",FAI,Koyukuk,ALLA2,f,Koyukuk River at Allakaket,ALLA2LOC,"0","0","0","0","0","0","0",,,,,,,0.0000000000
"0","12029",TONA2UPR,-145.9758848463,-145.0047895717,61.2556327604,61.6642549313,APRFC,"0",ANC,Copper,TONA2,f,Tonsina River at Tonsina,TONA2UPR,"0","0","0","0","0","0","0",,,,,,,0.0000000000
"0","12048",TONA2LWR,-145.7237227878,-145.0564233561,61.2978882596,61.6642549313,APRFC,"0",ANC,Copper,TONA2,f,Tonsina River at Tonsina,TONA2LWR,"0","0","0","0","0","0","0",,,,,,,0.0000000000
"0","12055",TONA2GL,-145.9962996110,-145.5930303502,61.2558998367,61.4127134971,APRFC,"0",ANC,Copper,TONA2,f,Tonsina River at Tonsina,TONA2GL,"0","0","0","0","0","0","0",,,,,,,0.0000000000
"0","12072",TAZA2UG,-147.2256394469,-146.2762547372,61.3347561982,61.7295749237,APRFC,"0",ANC,Copper,TAZA2,f,Tazlina River at Rich. Hwy,TAZA2UG,"0","0","0","0","0","0","0",,,,,,,0.0000000000
"0","12167",TAZA2LWR,-147.3539312485,-145.4422283880,61.6378645192,62.4064700039,APRFC,"0",ANC,Copper,TAZA2,f,Tazlina River at Rich. Hwy,TAZA2LWR,"0","0","0","0","0","0","0",,,,,,,0.0000000000
"0","12248",TAZA2LG,-147.1501380168,-146.2768432616,61.3961535693,61.7482531851,APRFC,"0",ANC,Copper,TAZA2,f,Tazlina River at Rich. Hwy,TAZA2LG,"0","0","0","0","0","0","0",,,,,,,0.0000000000
"0","12288",KLUA2UPR,-146.4882109448,-145.4296809686,61.3026550094,61.8963207945,APRFC,"0",ANC,Copper,KLUA2,f,Klutina River at Copper Center,KLUA2UPR,"0","0","0","0","0","0","0",,,,,,,0.0000000000
"0","12340",KLUA2LWR,-146.3877567647,-145.3127799861,61.3645831458,61.9646226423,APRFC,"0",ANC,Copper,KLUA2,f,Klutina River at Copper Center,KLUA2LWR,"0","0","0","0","0","0","0",,,,,,,0.0000000000
"0","12365",KLUA2GL,-146.4882453158,-145.8155814547,61.3016933026,61.5663745532,APRFC,"0",ANC,Copper,KLUA2,f,Klutina River at Copper Center,KLUA2GL,"0","0","0","0","0","0","0",,,,,,,0.0000000000
"0","12400",GULA2LOC,-145.7141227137,-145.2627616148,62.2644197561,62.5444854305,APRFC,"0",ANC,Copper,GULA2,f,Gulkana River at Rich. Hwy,GULA2LOC,"0","0","0","0","0","0","0",,,,,,,0.0000000000
"0","12402",GRSA2UPR,-146.8663688428,-145.5568156300,62.5588211060,63.1069895656,APRFC,"0",ANC,Copper,GRSA2,f,Gulkana River at Sourdough,GRSA2UPR,"0","0","0","0","0","0","0",,,,,,,0.0000000000
"0","12522",GRSA2LWR,-146.8647641743,-145.2748664612,62.2142544075,63.0259463912,APRFC,"0",ANC,Copper,GRSA2,f,Gulkana River at Sourdough,GRSA2LWR,"0","0","0","0","0","0","0",,,,,,,0.0000000000
"0","12604",GPOA2UPR,-145.6363736417,-145.2932070897,62.8245630997,63.2330987491,APRFC,"0",ANC,Copper,GPOA2,f,Gulkana River at Paxson Lake,GPOA2UPR,"0","0","0","0","0","0","0",,,,,,,0.0000000000
"0","12610",GPOA2LWR,-145.6312486276,-145.4486996035,62.8282609373,63.0695526129,APRFC,"0",ANC,Copper,GPOA2,f,Gulkana River at Paxson Lake,GPOA2LWR,"0","0","0","0","0","0","0",,,,,,,0.0000000000
"0","12616",GAKA2UPR,-145.6234867811,-145.0272287916,62.7901431762,63.3156212342,APRFC,"0",ANC,Copper,GAKA2,f,Gakona River at Rich. Hwy,GAKA2UPR,"0","0","0","0","0","0","0",,,,,,,0.0000000000
"0","12659",GAKA2LWR,-145.6228283840,-144.9500314075,62.2976148034,63.0045889129,APRFC,"0",ANC,Copper,GAKA2,f,Gakona River at Rich. Hwy,GAKA2LWR,"0","0","0","0","0","0","0",,,,,,,0.0000000000
"0","12694",GAKA2GL,-145.3561614556,-145.0597440737,63.1312848244,63.3212279956,APRFC,"0",ANC,Copper,GAKA2,f,Gakona River at Rich. Hwy,GAKA2GL,"0","0","0","0","0","0","0",,,,,,,0.0000000000
"0","12703",TRPA2UPR,-148.9970821949,-148.5756678261,60.8176842783,61.0672596483,APRFC,"0",ANC,Anchorage,TRPA2,f,Twentymile River near Portage,TRPA2UPR,"0","0","0","0","0","0","0",,,,,,,0.0000000000
"0","12714",TRPA2LWR,-148.9548885925,-148.6459414690,60.8410734335,61.0425619443,APRFC,"0",ANC,Anchorage,TRPA2,f,Twentymile River near Portage,TRPA2LWR,"0","0","0","0","0","0","0",,,,,,,0.0000000000
"0","12720",TRPA2GL,-148.9778164892,-148.5981069096,60.8852478368,61.0583337898,APRFC,"0",ANC,Anchorage,TRPA2,f,Twentymile River near Portage,TRPA2GL,"0","0","0","0","0","0","0",,,,,,,0.0000000000
"0","12722",SHIA2UPR,-149.6306076649,-149.2047939644,61.0471286724,61.2558656547,APRFC,"0",ANC,Anchorage,SHIA2,f,Ship Creek near Anchorage,SHIA2UPR,"0","0","0","0","0","0","0",,,,,,,0.0000000000
"0","12734",SHIA2LWR,-149.6469315195,-149.2370056701,61.0511185467,61.2526554945,APRFC,"0",ANC,Anchorage,SHIA2,f,Ship Creek near Anchorage,SHIA2LWR,"0","0","0","0","0","0","0",,,,,,,0.0000000000
"0","12739",ERBA2UPR,-149.5290201475,-148.9426827778,61.0376579705,61.3361657461,APRFC,"0",ANC,Anchorage,ERBA2,f,Eagle River at Glenn Hwy,ERBA2UPR,"0","0","0","0","0","0","0",,,,,,,0.0000000000
"0","12747",ERBA2LWR,-149.5428700110,-149.0048082758,61.0709959364,61.3479483254,APRFC,"0",ANC,Anchorage,ERBA2,f,Eagle River at Glenn Hwy,ERBA2LWR,"0","0","0","0","0","0","0",,,,,,,0.0000000000
"0","12756",ERBA2GL,-149.1264716014,-148.9133601673,61.0386271555,61.1746633505,APRFC,"0",ANC,Anchorage,ERBA2,f,Eagle River at Glenn Hwy,ERBA2GL,"0","0","0","0","0","0","0",,,,,,,0.0000000000
"0","12758",SXRA2FUP,-150.5207498060,-150.3737068586,60.1722097717,60.2251619520,APRFC,"0",ANC,Kenai,SXRA2,f,Funny River nr Sterling,SXRA2FUP,"0","0","0","0","0","0","0",,,,,,,0.0000000000
"0","12759",SXRA2FLO,-150.8738711594,-150.4429699558,60.2058327521,60.4942414997,APRFC,"0",ANC,Kenai,SXRA2,f,Funny River nr Sterling,SXRA2FLO,"0","0","0","0","0","0","0",,,,,,,0.0000000000
"0","12760",SXRA2MOO,-150.8236052041,-150.1413546290,60.4723327494,60.7260625836,APRFC,"0",ANC,Kenai,SXRA2,f,Moose River near Sterling,SXRA2MOO,"0","0","0","0","0","0","0",,,,,,,0.0000000000
"0","12761",SXRA2LOC,-151.0810611485,-150.4802425753,60.3049015450,60.6681553381,APRFC,"0",ANC,Kenai,SXRA2,f,Kenai River at Soldotna,SXRA2LOC,"0","0","0","0","0","0","0",,,,,,,0.0000000000
"0","12762",MPTA2GL,-149.0406072421,-148.8535784201,60.4781524773,60.6062251627,APRFC,"0",ANC,Kenai,MPTA2,f,Trail River at Lawing,MPTA2GL,"0","0","0","0","0","0","0",,,,,,,0.0000000000
"0","12764",MPTA2UPR,-149.5333233507,-148.8535705157,60.4162843224,60.6245450465,APRFC,"0",ANC,Kenai,MPTA2,f,Trail River at Lawing,MPTA2UPR,"0","0","0","0","0","0","0",,,,,,,0.0000000000
"0","12774",MPTA2LWR,-149.4858994595,-148.9985818541,60.4321142015,60.6145927544,APRFC,"0",ANC,Kenai,MPTA2,f,Trail River at Lawing,MPTA2LWR,"0","0","0","0","0","0","0",,,,,,,0.0000000000
"0","12778",SNOA2GL,-149.2239865930,-148.8839170540,60.1456754061,60.5375209866,APRFC,"0",ANC,Kenai,SNOA2,f,Snow River near Seward,SNOA2GL,"0","0","0","0","0","0","0",,,,,,,0.0000000000
"0","12783",SNOA2UPR,-149.3112848782,-148.8832502744,60.1429093398,60.5282001105,APRFC,"0",ANC,Kenai,SNOA2,f,Snow River near Seward,SNOA2UPR,"0","0","0","0","0","0","0",,,,,,,0.0000000000
"0","12819",SNOA2LWR,-149.3688640561,-148.9801255312,60.1889959732,60.3950913721,APRFC,"0",ANC,Kenai,SNOA2,f,Snow River near Seward,SNOA2LWR,"0","0","0","0","0","0","0",,,,,,,0.0000000000
"0","12838",RESA2GL,-149.8457221661,-149.7868693354,60.1865056822,60.2734636622,APRFC,"0",ANC,Kenai,RESA2,f,Resurrection R. at Exit Gl. rd,RESA2GL,"0","0","0","0","0","0","0",,,,,,,0.0000000000
"0","12842",RESA2UPR,-149.8563230446,-149.4805231208,60.1809906755,60.3701261162,APRFC,"0",ANC,Kenai,RESA2,f,Resurrection R. at Exit Gl. rd,RESA2UPR,"0","0","0","0","0","0","0",,,,,,,0.0000000000
"0","12850",RESA2LWR,-149.8538790822,-149.5627091897,60.1944235348,60.3564210364,APRFC,"0",ANC,Kenai,RESA2,f,Resurrection R. at Exit Gl. rd,RESA2LWR,"0","0","0","0","0","0","0",,,,,,,0.0000000000
"0","12856",SIXA2UPR,-149.6422688409,-149.0884321500,60.5463393807,60.8281462344,APRFC,"0",ANC,Kenai,SIXA2,f,Sixmile River nr Hope,SIXA2UPR,"0","0","0","0","0","0","0",,,,,,,0.0000000000
"0","12862",SIXA2LWR,-149.5361467576,-149.1062712310,60.6100244103,60.8255740851,APRFC,"0",ANC,Kenai,SIXA2,f,Sixmile River nr Hope,SIXA2LWR,"0","0","0","0","0","0","0",,,,,,,0.0000000000
"0","12864",KIYA2UPR,-150.4533229976,-150.0697446149,60.1163915146,60.3469788582,APRFC,"0",ANC,Kenai,KIYA2,f,Killey River nr Sterling,KIYA2UPR,"0","0","0","0","0","0","0",,,,,,,0.0000000000
"0","12873",KIYA2LWR,-150.6300774609,-150.1302058012,60.1626660244,60.4112164961,APRFC,"0",ANC,Kenai,KIYA2,f,Killey River nr Sterling,KIYA2LWR,"0","0","0","0","0","0","0",,,,,,,0.0000000000
"0","12882",KIYA2GL,-150.2233700617,-150.0392189357,60.0105515183,60.1714529089,APRFC,"0",ANC,Kenai,KIYA2,f,Killey River nr Sterling,KIYA2GL,"0","0","0","0","0","0","0",,,,,,,0.0000000000
"0","12884",SKIA2NG,-150.1824219158,-149.7251751482,60.1161774367,60.4146096307,APRFC,"0",ANC,Kenai,SKIA2,f,Skilak River abv Skilak Lake,SKIA2NG,"0","0","0","0","0","0","0",,,,,,,0.0000000000
"0","12892",SKIA2LG,-150.1066897347,-149.7471889487,60.1185209117,60.3176763850,APRFC,"0",ANC,Kenai,SKIA2,f,Skilak River abv Skilak Lake,SKIA2LG,"0","0","0","0","0","0","0",,,,,,,0.0000000000
"0","12896",SKIA2UG,-150.1066900342,-149.7423564307,60.0270020783,60.2482635799,APRFC,"0",ANC,Kenai,SKIA2,f,Skilak River abv Skilak Lake,SKIA2UG,"0","0","0","0","0","0","0",,,,,,,0.0000000000
"0","12902",KRKA2LOC,-150.7398773264,-150.5285359132,60.3695180120,60.5036809071,APRFC,"0",ANC,Kenai,KRKA2,f,Kenai River blw Kenai Keys,KRKA2LOC,"0","0","0","0","0","0","0",,,,,,,0.0000000000
"0","12903",CTSA2UPR,-150.2248313122,-149.6305625787,60.2333023203,60.6413419312,APRFC,"0",ANC,Kenai,CTSA2,f,Cooper Landing to Skilak Lk,CTSA2UPR,"0","0","0","0","0","0","0",,,,,,,0.0000000000
"0","12916",CTSA2LWR,-150.2420216389,-149.6821187795,60.2448040798,60.6144251940,APRFC,"0",ANC,Kenai,CTSA2,f,Cooper Landing to Skilak Lk,CTSA2LWR,"0","0","0","0","0","0","0",,,,,,,0.0000000000
"0","12917",SKLA2UPR,-150.3797238334,-150.0456067515,60.3020863784,60.5136198768,APRFC,"0",ANC,Kenai,SKLA2,f,Kenai River blw Skilak Lake,SKLA2UPR,"0","0","0","0","0","0","0",,,,,,,0.0000000000
"0","12924",SKLA2LWR,-150.6035806480,-150.0781915999,60.3202962506,60.5347089925,APRFC,"0",ANC,Kenai,SKLA2,f,Kenai River blw Skilak Lake,SKLA2LWR,"0","0","0","0","0","0","0",,,,,,,0.0000000000
"0","12928",COOA2UPR,-149.8262130281,-149.0774770024,60.2495310477,60.6353469266,APRFC,"0",ANC,Kenai,COOA2,f,Kenai River at Cooper Landing,COOA2UPR,"0","0","0","0","0","0","0",,,,,,,0.0000000000
"0","12939",COOA2LWR,-149.8251896173,-149.1208794676,60.2590782615,60.6171360437,APRFC,"0",ANC,Kenai,COOA2,f,Kenai River at Cooper Landing,COOA2LWR,"0","0","0","0","0","0","0",,,,,,,0.0000000000
"0","12947",APBA2UPR,-151.6513021229,-151.4357518841,59.7498928459,59.8904012475,APRFC,"0",ANC,Kenai,APBA2,f,Anchor River near Anchor Point,APBA2UPR,"0","0","0","0","0","0","0",,,,,,,0.0000000000
"0","12955",APBA2LWR,-151.8578501799,-151.5275866359,59.7319934736,59.8985969465,APRFC,"0",ANC,Kenai,APBA2,f,Anchor River near Anchor Point,APBA2LWR,"0","0","0","0","0","0","0",,,,,,,0.0000000000
"0","12959",APTA2UPR,-151.6607290161,-151.1817294036,59.6662943996,59.8735067145,APRFC,"0",ANC,Kenai,APTA2,f,Anchor River at Sterling Hwy,APTA2UPR,"0","0","0","0","0","0","0",,,,,,,0.0000000000
"0","12971",APTA2LWR,-151.7736410899,-151.3179846893,59.6731341173,59.8402380316,APRFC,"0",ANC,Kenai,APTA2,f,Anchor River at Sterling Hwy,APTA2LWR,"0","0","0","0","0","0","0",,,,,,,0.0000000000
"0","12980",NINA2UPR,-151.3271642284,-151.0687319612,60.0122200340,60.1171310553,APRFC,"0",ANC,Kenai,NINA2,f,Ninilchik River at Ninilchik,NINA2UPR,"0","0","0","0","0","0","0",,,,,,,0.0000000000
"0","12982",NINA2LWR,-151.6644891405,-151.1541107558,60.0211000137,60.2093569868,APRFC,"0",ANC,Kenai,NINA2,f,Ninilchik River at Ninilchik,NINA2LWR,"0","0","0","0","0","0","0",,,,,,,0.0000000000
"0","12983",CSRA2UPR,-149.6761284613,-149.5206996998,61.0468310747,61.1464119096,APRFC,"0",ANC,Anchorage,CSRA2,f,South Fork Campbell Creek,CSRA2UPR,"0","0","0","0","0","0","0",,,,,,,0.0000000000
"0","12985",CSRA2LWR,-149.7805281982,-149.5458740960,61.0542868712,61.1668673315,APRFC,"0",ANC,Anchorage,CSRA2,f,South Fork Campbell Creek,CSRA2LWR,"0","0","0","0","0","0","0",,,,,,,0.0000000000
"0","12990",CHRA2LOC,-149.9044362433,-149.5953478012,61.1550854098,61.2277013813,APRFC,"0",ANC,Anchorage,CHRA2,f,Chester Creek at Arctic Blvd,CHRA2LOC,"0","0","0","0","0","0","0",,,,,,,0.0000000000
"0","12991",PHLA2NG,-145.4774882433,-145.3926240569,63.2396757537,63.2579906472,APRFC,"0",FAI,Tanana,PHLA2,f,Phelan Creek at Rich. Hwy,PHLA2NG,"0","0","0","0","0","0","0",,,,,,,0.0000000000
"0","12993",PHLA2GL,-145.5026509317,-145.3534511274,63.2409426575,63.2981766326,APRFC,"0",FAI,Tanana,PHLA2,f,Phelan Creek at Rich. Hwy,PHLA2GL,"0","0","0","0","0","0","0",,,,,,,0.0000000000
"0","12994",SKWA2UPR,-153.2549233743,-151.1818189806,61.3802161378,62.3141134561,APRFC,"0",ANC,Matsu,SKWA2,f,Skwentna River at Skwentna,SKWA2UPR,"0","0","0","0","0","0","0",,,,,,,0.0000000000
"0","13075",SKWA2LWR,-153.1607188810,-151.0504956876,61.4143766453,62.2813585916,APRFC,"0",ANC,Matsu,SKWA2,f,Skwentna River at Skwentna,SKWA2LWR,"0","0","0","0","0","0","0",,,,,,,0.0000000000
"0","13171",CLTA2GL,-151.1674065236,-149.9153216085,62.6533475583,63.3415422892,APRFC,"0",ANC,Matsu,CLTA2,f,Chulitna River at Parks Hwy,CLTA2GL,"0","0","0","0","0","0","0",,,,,,,0.0000000000
"0","13192",CLTA2LWR,-151.0471922202,-148.9479232333,62.4194729298,63.3791459080,APRFC,"0",ANC,Matsu,CLTA2,f,Chulitna River at Parks Hwy,CLTA2LWR,"0","0","0","0","0","0","0",,,,,,,0.0000000000
"0","13342",CLTA2UPR,-151.1759459664,-148.7719647463,62.5467921323,63.4356678779,APRFC,"0",ANC,Matsu,CLTA2,f,Chulitna River at Parks Hwy,CLTA2UPR,"0","0","0","0","0","0","0",,,,,,,0.0000000000
"0","13454",TAZA2UPR,-147.8303252742,-145.6616706727,61.3350234034,62.2397644869,APRFC,"0",ANC,Copper,TAZA2,f,Tazlina River at Rich. Hwy,TAZA2UPR,"0","0","0","0","0","0","0",,,,,,,0.0000000000
"0","13602",BRDA2GL,-150.8302653785,-150.5017823793,59.6740175344,59.7314802916,APRFC,"0",ANC,Bradley,BRDA2,f,Bradley Lake Local,BRDA2GL,"0","0","0","0","0","0","0",,,,,,,0.0000000000
"0","13605",BRDA2LWR,-150.8870860595,-150.6162686289,59.6904289856,59.7695331153,APRFC,"0",ANC,Bradley,BRDA2,f,Bradley Lake Local,BRDA2LWR,"0","0","0","0","0","0","0",,,,,,,0.0000000000
"0","13608",BRDA2UPR,-150.8552562900,-150.5644461491,59.6695953427,59.7845841381,APRFC,"0",ANC,Bradley,BRDA2,f,Bradley Lake Local,BRDA2UPR,"0","0","0","0","0","0","0",,,,,,,0.0000000000
"0","13613",BRMA2NG,-150.7666178194,-150.6424131173,59.7531852414,59.8026616507,APRFC,"0",ANC,Bradley,BRMA2,f,Bradley Lake Middle,BRMA2NG,"0","0","0","0","0","0","0",,,,,,,0.0000000000
"0","13615",BRMA2GL,-150.7150090299,-150.6470083186,59.7535971924,59.7899939422,APRFC,"0",ANC,Bradley,BRMA2,f,Bradley Lake Middle,BRMA2GL,"0","0","0","0","0","0","0",,,,,,,0.0000000000
"0","13617",BRTA2LWR,-150.8932638419,-150.8365527977,59.7595398688,59.8095739528,APRFC,"0",ANC,Bradley,BRTA2,f,Bradley Lake Tidewater,BRTA2LWR,"0","0","0","0","0","0","0",,,,,,,0.0000000000
"0","13620",BRTA2MID,-150.8884218103,-150.7911465616,59.7550554286,59.8217979842,APRFC,"0",ANC,Bradley,BRTA2,f,Bradley Lake Tidewater,BRTA2MID,"0","0","0","0","0","0","0",,,,,,,0.0000000000
"0","13631",BRTA2UPR,-150.8524467899,-150.6925573350,59.7606848192,59.8265550399,APRFC,"0",ANC,Bradley,BRTA2,f,Bradley Lake Tidewater,BRTA2UPR,"0","0","0","0","0","0","0",,,,,,,0.0000000000
"0","13640",BRUA2GL,-150.8215132695,-150.7069409947,59.6337407157,59.6979399593,APRFC,"0",ANC,Bradley,BRUA2,f,Bradley Lake Glacier,BRUA2GL,"0","0","0","0","0","0","0",,,,,,,0.0000000000
"0","13641",BRUA2NG,-150.7980586082,-150.6367659530,59.6318347310,59.7015252100,APRFC,"0",ANC,Bradley,BRUA2,f,Bradley Lake Glacier,BRUA2NG,"0","0","0","0","0","0","0",,,,,,,0.0000000000
"0","13642",FMRA2LWR,-143.6953316786,-140.8796102095,63.3890600901,64.7711371372,APRFC,"0",FAI,Fortymile,FMRA2,f,Fortymile River at Taylor Hwy,FMRA2LWR,"0","0","0","0","0","0","0",,,,,,,0.0000000000
"0","13875",FMRA2UPR,-143.8800710751,-140.8759135513,63.3779586003,64.8107434782,APRFC,"0",FAI,Fortymile,FMRA2,f,Fortymile River at Taylor Hwy,FMRA2UPR,"0","0","0","0","0","0","0",,,,,,,0.0000000000
"0","14073",GYRA2LOC,-157.5060409542,-155.4352112050,63.9178771757,64.8055068978,APRFC,"0",FAI,Lower Yukon,GYRA2,f,Yukon River at Galena,GYRA2LOC,"0","0","0","0","0","0","0",,,,,,,0.0000000000
"0","14074",HUSA2LOC,-158.7900032553,-153.1275558233,65.4345419082,67.0029249528,APRFC,"0",FAI,Koyukuk,HUSA2,f,Koyukuk River at Huslia,HUSA2LOC,"0","0","0","0","0","0","0",,,,,,,0.0000000000
"0","14075",NULA2LOC,-159.4856538711,-154.5982727899,64.3095168367,65.8139982238,APRFC,"0",FAI,Lower Yukon,NULA2,f,Yukon River at Nulato,NULA2LOC,"0","0","0","0","0","0","0",,,,,,,0.0000000000
"0","14076",RBYA2LOC,-156.1641844867,-150.4981628875,63.2804632651,66.0516725169,APRFC,"0",FAI,Lower Yukon,RBYA2,f,Yukon River at Ruby,RBYA2LOC,"0","0","0","0","0","0","0",,,,,,,0.0000000000
"0","14077",RSHA2LOC,-161.5890486929,-155.8308437060,61.6133659305,64.2721182575,APRFC,"0",FAI,Lower Yukon,RSHA2,f,Yukon River at Russian Mission,RSHA2LOC,"0","0","0","0","0","0","0",,,,,,,0.0000000000
"0","14078",YANA2LOC,-161.4808324993,-157.2477519058,62.0216645333,64.9887023889,APRFC,"0",FAI,Lower Yukon,TANA2,f,Yukon River at Anvik,YANA2LOC,"0","0","0","0","0","0","0",,,,,,,0.0000000000
"0","14079",YPSA2LOC,-162.9141188229,-160.7140162545,61.4590799711,63.0799510838,APRFC,"0",FAI,Lower Yukon,YPSA2,f,Yukon River at Pilot Station,YPSA2LOC,"0","0","0","0","0","0","0",,,,,,,0.0000000000
"0","14080",JDCA2LOC,-134.5860318298,-134.5273080773,58.3522349749,58.4040321513,APRFC,"0",JNU,Southeast,JDCA2,f,Jordan Creek,JDCA2LOC,"0","0","0","0","0","0","0",,,,,,,0.0000000000
"0","14081",SKGA2GL,-135.2585501205,-135.0275645597,59.4191019658,59.6257376414,APRFC,"0",JNU,Southeast,SKGA2,f,Skagway River,SKGA2GL,"0","0","0","0","0","0","0",,,,,,,0.0000000000
"0","14088",SCKA2UPR,-133.1613086057,-132.9256852287,55.6846244155,55.7775739743,APRFC,"0",JNU,Southeast,SCKA2,f,Staney Creek nr Klawock,SCKA2UPR,"0","0","0","0","0","0","0",,,,,,,0.0000000000
"0","14098",SCKA2LWR,-133.1535861116,-132.9315507104,55.6889744091,55.8061726420,APRFC,"0",JNU,Southeast,SCKA2,f,Staney Creek nr Klawock,SCKA2LWR,"0","0","0","0","0","0","0",,,,,,,0.0000000000
"0","14102",MHSA2UPR,-151.7744066123,-148.2925756698,62.9185858161,65.3953335297,APRFC,"0",FAI,Tanana,MHSA2,f,Tanana River at Manley Hot Spr,MHSA2UPR,"0","0","0","0","0","0","0",,,,,,,0.0000000000
"0","14375",MHSA2LWR,-152.8390355805,-147.3934090843,63.0902504210,65.7184379957,APRFC,"0",FAI,Tanana,MHSA2,f,Tanana River at Manley Hot Spr,MHSA2LWR,"0","0","0","0","0","0","0",,,,,,,0.0000000000
"0","14616",YFYA2LOC,-146.7612549794,-143.6612158226,65.0408603511,66.3992360277,APRFC,"0",FAI,Upper Yukon,YFYA2,f,Yukon River at Fort Yukon,YFYA2LOC,"0","0","0","0","0","0","0",,,,,,,0.0000000000
"0","14617",BVRA2LOC,-148.5197685109,-142.8488210883,65.1908191794,68.0826099812,APRFC,"0",FAI,Upper Yukon,BVRA2,f,Yukon River at Beaver,BVRA2LOC,"0","0","0","0","0","0","0",,,,,,,0.0000000000
"0","14618",YRBA2LOC,-150.4780351640,-147.3696796812,65.7853062677,67.0702727266,APRFC,"0",FAI,Upper Yukon,YRBA2,f,Yukon River at Dalton Hwy,YRBA2LOC,"0","0","0","0","0","0","0",,,,,,,0.0000000000
"0","14619",VENA2UPR,-149.6794148572,-143.8653841451,66.8964212335,69.0159831731,APRFC,"0",FAI,Porcupine,VENA2,f,Chandalar River at Venetie,VENA2UPR,"0","0","0","0","0","0","0",,,,,,,0.0000000000
"0","14950",VENA2LWR,-149.2397142895,-145.7909841115,67.0359758708,68.0409303894,APRFC,"0",FAI,Porcupine,VENA2,f,Chandalar River at Venetie,VENA2LWR,"0","0","0","0","0","0","0",,,,,,,0.0000000000
"0","15285",CIRA2LOC,-144.2820476619,-139.3387937862,64.4606751664,65.9780676334,APRFC,"0",FAI,Upper Yukon,CIRA2,f,Yukon River at Circle,CIRA2LOC,"0","0","0","0","0","0","0",,,,,,,0.0000000000
"0","15289",YEAA2LOC,-141.4475580204,-138.5347586431,64.0733180160,64.8443777277,APRFC,"0",FAI,Upper Yukon,YEAA2,f,Yukon River at Eagle,YEAA2LOC,"0","0","0","0","0","0","0",,,,,,,0.0000000000
"0","15290",TALA2LOC,-152.8227641245,-147.6529519190,64.3391250665,66.2894428130,APRFC,"0",FAI,Upper Yukon,TALA2,f,Tanana River at Tanana,TALA2LOC,"0","0","0","0","0","0","0",,,,,,,0.0000000000
"0","15291",PROQ9LWR,-140.4945237813,-135.9444023683,65.3989175151,68.2790253756,APRFC,"0",,Porcupine,PROQ9,f,Porcupine River blw Old Crow,PROQ9LWR,"0","0","0","0","0","0","0",,,,,,,0.0000000000
"0","15785",PROQ9UPR,-140.0770494973,-136.0591073372,65.6740177644,68.1100159559,APRFC,"0",,Porcupine,PROQ9,f,Porcupine River blw Old Crow,PROQ9UPR,"0","0","0","0","0","0","0",,,,,,,0.0000000000
"0","16244",PFYA2LOC,-145.1113719421,-141.9572336897,66.4117555536,67.4284571519,APRFC,"0",FAI,Porcupine,PFYA2,f,Porcupine River near Ft Yukon,PFYA2LOC,"0","0","0","0","0","0","0",,,,,,,0.0000000000
"0","16245",BRCA2LWR,-143.8599335223,-140.2941287497,65.5196744007,66.9368147418,APRFC,"0",FAI,Porcupine,BRCA2,f,Black River at Chalkyitsik,BRCA2LWR,"0","0","0","0","0","0","0",,,,,,,0.0000000000
"0","16475",BRCA2UPR,-143.9443734702,-139.8608646282,65.4617177878,67.0077839213,APRFC,"0",FAI,Porcupine,BRCA2,f,Black River at Chalkyitsik,BRCA2UPR,"0","0","0","0","0","0","0",,,,,,,0.0000000000
"0","16663",PRBQ9UPR,-141.0951524671,-139.5734627479,66.8322525320,67.7322816422,APRFC,"0",,Porcupine,PRBQ9,f,Porcupine River at Border,PRBQ9UPR,"0","0","0","0","0","0","0",,,,,,,0.0000000000
"0","16698",PRBQ9LWR,-141.0634903155,-139.5953411880,66.9012642419,67.7027504285,APRFC,"0",,Porcupine,PRBQ9,f,Porcupine River at Border,PRBQ9LWR,"0","0","0","0","0","0","0",,,,,,,0.0000000000
"0","16729",OCRQ9LWR,-141.6383070937,-138.0726284929,67.6114989857,68.6248009623,APRFC,"0",FAI,Porcupine,OCRQ9,f,Old Crow River at mouth,OCRQ9LWR,"0","0","0","0","0","0","0",,,,,,,0.0000000000
"0","16798",CLNA2UPR,-143.8528930970,-141.1322437444,67.0901332270,68.8997603012,APRFC,"0",FAI,Porcupine,CLNA2,f,Coleen River,CLNA2UPR,"0","0","0","0","0","0","0",,,,,,,0.0000000000
"0","16905",CLNA2LWR,-143.8324828275,-141.1781312977,67.0326328022,68.4655898579,APRFC,"0",FAI,Porcupine,CLNA2,f,Coleen River,CLNA2LWR,"0","0","0","0","0","0","0",,,,,,,0.0000000000
"0","17013",SHJA2UPR,-145.4330571305,-142.5742872772,67.4034367680,69.0788963805,APRFC,"0",FAI,Porcupine,SHJA2,f,Sheenjek River,SHJA2UPR,"0","0","0","0","0","0","0",,,,,,,0.0000000000
"0","17159",SHJA2LWR,-144.9489700861,-142.7544090696,66.8909319616,68.2880246781,APRFC,"0",FAI,Porcupine,SHJA2,f,Sheenjek River,SHJA2LWR,"0","0","0","0","0","0","0",,,,,,,0.0000000000
"0","17291",PRCA2LOC,-142.6279069563,-140.6902074668,66.7405829850,67.7535058860,APRFC,"0",FAI,Porcupine,PRCA2,f,Porcupine River at mouth,PRCA2LOC,"0","0","0","0","0","0","0",,,,,,,0.0000000000
"0","17293",OCRQ9UPR,-141.7319215289,-137.5067364055,67.6039356414,68.7164694963,APRFC,"0",FAI,Porcupine,OCRQ9,f,Old Crow River at mouth,OCRQ9UPR,"0","0","0","0","0","0","0",,,,,,,0.0000000000
"0","17370",MATA2UG,-149.0675773159,-147.1336563412,61.4391388160,62.2365068842,APRFC,"0",ANC,Matsu,MATA2,f,Matanuska River at Palmer,MATA2UG,"0","0","0","0","0","0","0",,,,,,,0.0000000000
"0","17438",MATA2LWR,-149.1444215131,-147.2699586944,61.5866260731,62.1350283717,APRFC,"0",ANC,Matsu,MATA2,f,Matanuska River at Palmer,MATA2LWR,"0","0","0","0","0","0","0",,,,,,,0.0000000000
"0","17444",MATA2LG,-148.9990786772,-147.1722313288,61.5560983521,62.1303158042,APRFC,"0",ANC,Matsu,MATA2,f,Matanuska River at Palmer,MATA2LG,"0","0","0","0","0","0","0",,,,,,,0.0000000000
"0","17485",MATA2UPR,-149.1047249413,-147.1380330506,61.5016312486,62.2372374166,APRFC,"0",ANC,Matsu,MATA2,f,Matanuska River at Palmer,MATA2UPR,"0","0","0","0","0","0","0",,,,,,,0.0000000000
"0","17546",KIAA2UPR,-160.2937027828,-153.8456696043,66.2566572412,67.8685732833,APRFC,"0",FAI,Kobuk,KIAA2,f,Kobuk River nr Kiana,KIAA2UPR,"0","0","0","0","0","0","0",,,,,,,0.0000000000
"0","17757",WULA2LWR,-163.7026674674,-162.6808045810,67.7544084408,68.3719344480,APRFC,"0",FAI,Wulik,WULA2,f,Wulik River nr Kivalina,WULA2LWR,"0","0","0","0","0","0","0",,,,,,,0.0000000000
"0","17785",WULA2UPR,-163.6801095225,-162.6775558862,67.7947129717,68.4164020645,APRFC,"0",FAI,Wulik,WULA2,f,Wulik River nr Kivalina,WULA2UPR,"0","0","0","0","0","0","0",,,,,,,0.0000000000
"0","17817",KIAA2LWR,-160.2749635879,-153.8596375652,66.2564547328,67.8607814504,APRFC,"0",FAI,Kobuk,KIAA2,f,Kokuk River nr Kiana,KIAA2LWR,"0","0","0","0","0","0","0",,,,,,,0.0000000000
"0","17946",PWRA2GL,-145.5921276917,-145.4389894660,60.5789254464,60.7015581773,APRFC,"0",ANC,Eyak,PWRA2,f,Power Creek nr Cordova,PWRA2GL,"0","0","0","0","0","0","0",,,,,,,0.0000000000
"0","17959",CHFA2LOC,-147.7224539555,-146.9866033449,64.7208664476,64.9605315167,APRFC,"0",FAI,Tanana,CHFA2,f,Chena River at Fairbanks,CHFA2LOC,"0","0","0","0","0","0","0",,,,,,,0.0000000000
"0","17960",TAFA2LWR,-147.8565121831,-145.0722642140,63.5103282141,64.8374769360,APRFC,"0",FAI,Tanana,TAFA2,f,Tanana River at Fairbanks,TAFA2LWR,"0","0","0","0","0","0","0",,,,,,,0.0000000000
"0","18013",EYAA2LOC,-145.7476975179,-145.5731039474,60.5216871997,60.6146885688,APRFC,"0",ANC,Eyak,EYAA2,f,Eyak River nr Cordova,EYAA2LOC,"0","0","0","0","0","0","0",,,,,,,0.0000000000
"0","18014",EYAA2LWR,-145.6327927349,-145.4762235170,60.5751735303,60.6678587741,APRFC,"0",ANC,Eyak,EYAA2,f,Power Creek nr Cordova,EYAA2LWR,"0","0","0","0","0","0","0",,,,,,,0.0000000000
"0","18017",EYAA2UPR,-145.5917875156,-145.4439910487,60.5812571045,60.6950790873,APRFC,"0",ANC,Eyak,EYAA2,f,Power Creek nr Cordova,EYAA2UPR,"0","0","0","0","0","0","0",,,,,,,0.0000000000
"0","18029",TATQ9UPR,-137.2149654535,-136.3715239114,59.6891573718,60.3753105086,APRFC,"0",,Alsek,TATQ9,f,Tatshenshini River nr Takotna,TATQ9UPR,"0","0","0","0","0","0","0",,,,,,,0.0000000000
"0","18036",TATQ9LWR,-137.1747968736,-136.6272274077,59.8011665434,60.3763690803,APRFC,"0",,Alsek,TATQ9,f,Tatshenshini River nr Takotna,TATQ9LWR,"0","0","0","0","0","0","0",,,,,,,0.0000000000
"0","18040",DEZQ9UPR,-138.0964142604,-136.3909278642,60.1058586618,61.7311423038,APRFC,"0",,Alsek,DEZQ9,f,Dezadeash River at Haines Jct,DEZQ9UPR,"0","0","0","0","0","0","0",,,,,,,0.0000000000
"0","18052",DEZQ9LWR,-137.6673284005,-136.4378378880,60.2805188820,61.2282399239,APRFC,"0",,Alsek,DEZQ9,f,Dezadeash River at Haines Jct,DEZQ9LWR,"0","0","0","0","0","0","0",,,,,,,0.0000000000
"0","18070",ALKA2UPR,-138.5861156536,-136.6471191087,59.2020037288,60.4697901305,APRFC,"0",JNU,Alsek,ALKA2,f,Alsek River near Yakutat,ALKA2UPR,"0","0","0","0","0","0","0",,,,,,,0.0000000000
"0","18197",ALKA2UG,-139.0993076649,-136.6315728190,59.1950063619,60.4361106901,APRFC,"0",JNU,Alsek,ALKA2,f,Alsek River near Yakutat,ALKA2UG,"0","0","0","0","0","0","0",,,,,,,0.0000000000
"0","18261",ALKA2LWR,-138.5514434326,-136.7838607430,59.2034495988,60.3653032720,APRFC,"0",JNU,Alsek,ALKA2,f,Alsek River near Yakutat,ALKA2LWR,"0","0","0","0","0","0","0",,,,,,,0.0000000000
"0","18301",ALKA2LG,-138.7075718694,-136.7033141044,59.1999151492,60.1075662235,APRFC,"0",JNU,Alsek,ALKA2,f,Alsek River near Yakutat,ALKA2LG,"0","0","0","0","0","0","0",,,,,,,0.0000000000
"0","18394",ALSQ9UPR,-139.3399256254,-137.4016736708,60.0415733981,61.2621199578,APRFC,"0",,Alsek,ALSQ9,f,Alsek River abv Bates River,ALSQ9UPR,"0","0","0","0","0","0","0",,,,,,,0.0000000000
"0","18480",ALSQ9LWR,-138.5959390617,-137.3913028928,60.0587033570,61.1175409713,APRFC,"0",,Alsek,ALSQ9,f,Alsek River abv Bates River,ALSQ9LWR,"0","0","0","0","0","0","0",,,,,,,0.0000000000
"0","18485",ALSQ9GL,-139.7666041859,-137.5615453780,60.0047152039,60.8962223538,APRFC,"0",,Alsek,ALSQ9,f,Alsek River abv Bates River,ALSQ9GL,"0","0","0","0","0","0","0",,,,,,,0.0000000000
"0","18558",YWRQ9UPR,-139.9781386900,-130.3880959727,58.9271072830,63.2269030941,APRFC,"0",,Yukon,YWRQ9,f,Yukon River above White River,YWRQ9UPR,"0","0","0","0","0","0","0",,,,,,,0.0000000000
"0","19655",YWRQ9LWR,-139.9773290316,-130.9632817235,58.9459829854,63.2057979145,APRFC,"0",,Yukon,YWRQ9,f,Yukon River above White River,YWRQ9LWR,"0","0","0","0","0","0","0",,,,,,,0.0000000000
"0","20711",YDAQ9UPR,-142.5265798430,-137.8080626871,60.7902511722,64.2319448031,APRFC,"0",,Yukon,YDAQ9,f,Yukon River at Dawson,YDAQ9UPR,"0","0","0","0","0","0","0",,,,,,,0.0000000000
"0","21361",YDAQ9LWR,-142.5619711248,-137.9918767572,60.8072933130,64.2261976300,APRFC,"0",,Yukon,YDAQ9,f,Yukon River at Dawson,YDAQ9LWR,"0","0","0","0","0","0","0",,,,,,,0.0000000000
"0","21946",CKTA2GL,-136.7361859768,-135.5220950025,59.4603466717,59.8792503123,APRFC,"0",JNU,Chilkat,CKTA2,f,Chilkat River near Haines,CKTA2GL,"0","0","0","0","0","0","0",,,,,,,0.0000000000
"0","21974",CKTA2LWR,-136.6438279776,-135.6369249146,59.4185083675,59.8371739086,APRFC,"0",JNU,Chilkat,CKTA2,f,Chilkat River near Haines,CKTA2LWR,"0","0","0","0","0","0","0",,,,,,,0.0000000000
"0","22054",CKTA2UPR,-136.7251447338,-135.5370349846,59.4482258890,59.8939013483,APRFC,"0",JNU,Chilkat,CKTA2,f,Chilkat River near Haines,CKTA2UPR,"0","0","0","0","0","0","0",,,,,,,0.0000000000
"0","22144",NIRQ9LOC,-139.2939717660,-136.6174155418,61.5143965614,62.3296819014,APRFC,"0",,Nisling,NIRQ9,f,Nisling River blw Onion Cr.,NIRQ9LOC,"0","0","0","0","0","0","0",,,,,,,0.0000000000
"0","22145",ALEA2LWR,-138.6009309615,-137.9245249961,59.0838198170,59.6452057334,APRFC,"0",JNU,Alsek,ALEA2,f,Alsek River at Dry Bay,ALEA2LWR,"0","0","0","0","0","0","0",,,,,,,0.0000000000
"0","22402",ALEA2UPR,-138.5925747111,-137.6556167445,59.1031867331,59.6350916390,APRFC,"0",JNU,Alsek,ALEA2,f,Alsek River at Dry Bay,ALEA2UPR,"0","0","0","0","0","0","0",,,,,,,0.0000000000
"0","22920",ALEA2UG,-138.5880249596,-137.6518621527,59.1296472819,59.6309108156,APRFC,"0",JNU,Alsek,ALEA2,f,Alsek River at Dry Bay,ALEA2UG,"0","0","0","0","0","0","0",,,,,,,0.0000000000
"0","23129",ALEA2LG,-138.5985382839,-137.8832841759,59.0855231233,59.6546841817,APRFC,"0",JNU,Alsek,ALEA2,f,Alsek River at Dry Bay,ALEA2LG,"0","0","0","0","0","0","0",,,,,,,0.0000000000
"0","23442",MCGA2GL,-154.3747138608,-151.6737503893,61.4496950481,62.9612474475,APRFC,"0",FAI,Kuskokwim,MCGA2,f,Kuskokwim at McGrath,MCGA2GL,"0","0","0","0","0","0","0",,,,,,,0.0000000000
"0","23998",MCGA2LWR,-155.6059930943,-151.5871030220,61.8335114043,64.4070542586,APRFC,"0",FAI,Kuskokwim,MCGA2,f,Kuskokwim at McGrath,MCGA2LWR,"0","0","0","0","0","0","0",,,,,,,0.0000000000
"0","35176",MCGA2UPR,-155.5128041187,-151.5128580310,61.4496635874,64.4160513971,APRFC,"0",FAI,Kuskokwim,MCGA2,f,Kuskokwim at McGrath,MCGA2UPR,"0","0","0","0","0","0","0",,,,,,,0.0000000000
"0","47344",KLCA2UPR,-157.3398322383,-154.1931299241,62.0017810770,63.5565884311,APRFC,"0",ANC,Kuskokwim,KLCA2,f,Kuskokwim at Lysky's Crossing,KLCA2UPR,"0","0","0","0","0","0","0",,,,,,,0.0000000000
"0","54344",KLCA2LWR,-157.2007935370,-154.4203882758,61.9869702932,63.5033451276,APRFC,"0",ANC,Kuskokwim,KLCA2,f,Kuskokwim at Lysky's Crossing,KLCA2LWR,"0","0","0","0","0","0","0",,,,,,,0.0000000000
"0","60918",CJXA2GL,-154.2836914314,-153.2613403760,60.7891755940,61.7419444107,APRFC,"0",ANC,Kuskokwim,CJXA2,f,Kuskokwim at Crooked Creek,CJXA2GL,"0","0","0","0","0","0","0",,,,,,,0.0000000000
"0","61404",CJXA2LWR,-158.8370206036,-153.7900584261,60.3601123080,62.5691722798,APRFC,"0",ANC,Kuskokwim,CJXA2,f,Kuskokwim at Crooked Creek,CJXA2LWR,"0","0","0","0","0","0","0",,,,,,,0.0000000000
"0","92796",CJXA2UPR,-159.0303932754,-153.2607824392,60.3443791787,62.5893487540,APRFC,"0",ANC,Kuskokwim,CJXA2,f,Kuskokwim at Crooked Creek,CJXA2UPR,"0","0","0","0","0","0","0",,,,,,,0.0000000000
"0","125729",ANKA2UPR,-159.8623876272,-157.4284526735,60.3308824611,62.1908355533,APRFC,"0",ANC,Kuskokwim,ANKA2,f,Kuskokwim at Aniak,ANKA2UPR,"0","0","0","0","0","0","0",,,,,,,0.0000000000
"0","132255",ANKA2LWR,-159.6773456202,-157.4284708495,60.4512148158,62.1788749240,APRFC,"0",ANC,Kuskokwim,ANKA2,f,Kuskokwim at Aniak,ANKA2LWR,"0","0","0","0","0","0","0",,,,,,,0.0000000000
"0","138482",GCGA2GL,-149.1384067693,-148.9535461051,60.9502244066,61.0277519822,APRFC,"0",ANC,Glacier,GCGA2,f,Glacier Creek at Girdwood,GCGA2GL,"0","0","0","0","0","0","0",,,,,,,0.0000000000
"0","138483",GCGA2UPR,-149.1718458664,-148.9278159027,60.9358105037,61.0608808250,APRFC,"0",ANC,Glacier,GCGA2,f,Glacier Creek at Girdwood,GCGA2UPR,"0","0","0","0","0","0","0",,,,,,,0.0000000000
"0","138538",GCGA2LWR,-149.1712295742,-148.9456519843,60.9371204833,61.0575705943,APRFC,"0",ANC,Glacier,GCGA2,f,Glacier Creek at Girdwood,GCGA2LWR,"0","0","0","0","0","0","0",,,,,,,0.0000000000
"0","138596",KNKA2LWR,-149.0561043724,-148.1473867781,61.0426154484,61.6261436842,APRFC,"0",ANC,Knik,KNKA2,f,Knik River at Palmer,KNKA2LWR,"0","0","0","0","0","0","0",,,,,,,0.0000000000
"0","138642",KNKA2UPR,-149.0556836753,-147.7028897607,60.9728626056,61.6600786440,APRFC,"0",ANC,Knik,KNKA2,f,Knik River at Palmer,KNKA2UPR,"0","0","0","0","0","0","0",,,,,,,0.0000000000
"0","141182",KNKA2GL,-148.9848919937,-147.7015138351,60.9728562939,61.6598222230,APRFC,"0",ANC,Knik,KNKA2,f,Knik River at Palmer,KNKA2GL,"0","0","0","0","0","0","0",,,,,,,0.0000000000
"0","142022",NSHA2UPR,-158.5755527373,-155.1954854117,59.5933001722,60.7705018725,APRFC,"0",ANC,Nushagak,NSHA2,f,Nushagak River at Ekwok,NSHA2UPR,"0","0","0","0","0","0","0",,,,,,,0.0000000000
"0","142552",NSHA2LWR,-158.5603821136,-155.2437143846,59.3268298478,60.7685630338,APRFC,"0",ANC,Nushagak,NSHA2,f,Nushagak River at Ekwok,NSHA2LWR,"0","0","0","0","0","0","0",,,,,,,0.0000000000
"0","143014",NRDA2UPR,-159.6300504699,-158.1553946332,59.7944187137,60.5382990831,APRFC,"0",ANC,Nushagak,NRDA2,f,Nuyukuk River near Dillingham,NRDA2UPR,"0","0","0","0","0","0","0",,,,,,,0.0000000000
"0","143102",NRDA2LWR,-159.6325467350,-158.1404949921,59.8082387197,60.5382990831,APRFC,"0",ANC,Nushagak,NRDA2,f,Nuyukuk River near Dillingham,NRDA2LWR,"0","0","0","0","0","0","0",,,,,,,0.0000000000
"0","143164",MULA2UPR,-155.4017212146,-153.4995668817,60.3557386364,60.8969438602,APRFC,"0",ANC,Nushagak,MULA2,f,Mulchatna River at Marabou Landing,MULA2UPR,"0","0","0","0","0","0","0",,,,,,,0.0000000000
"0","143261",MULA2LWR,-155.9392165003,-153.5378685184,60.2820346607,60.9125498704,APRFC,"0",ANC,Nushagak,MULA2,f,Mulchatna River at Marabou Landing,MULA2LWR,"0","0","0","0","0","0","0",,,,,,,0.0000000000
