OBJ_STATUS_,OBJ_IDENTIF,NAME,MIN_X_AXIS_,MAX_X_AXIS_,MIN_Y_AXIS_,MAX_Y_AXIS_,RFC,HUC,CWA,FCST_GP,CH5_ID,TYPE,DESCRIPTION,ATTRIBUTE,NUMBER_ZONE,ZONE_1_MIN_,ZONE_2_MIN_,ZONE_3_MIN_,ZONE_4_MIN_,ZONE_5_MIN_,ZONE_6_MIN_,ZONE_1_SHEF,ZONE_2_SHEF,ZONE_3_SHEF,ZONE_4_SHEF,ZONE_5_SHEF,ZONE_6_SHEF
"0","1",ACHA3,-110.7712397646,-110.6036977544,32.2473585000,32.3800328431,CBRFC,"15050302",twc,santacrz,ACHA3,d,AGUA CALIENTE WASH - HOUGHTON RD,,"2","0","1371","0","0","0","0",ACHA3HLH,ACHA3HUH,,,,
"0","4",ACJU1,-109.9647888851,-109.3856351740,40.3536522009,40.7823671881,CBRFC,"14060002",slc,duchpr,ACJU1,d,ASHLEY CK - JENSEN- NR- UNION CANAL- BLO,,"3","0","2438","3048","0","0","0",ACJU1LLF,ACJU1LMF,ACJU1LUF,,,
"0","9",ACKA3,-109.0989144123,-108.1706785389,31.2532443029,32.6241831402,CBRFC,,gjt,whvam,ACKA3,,,,"1","0","0","0","0","0","0",ACKA3XLH,,,,,
"0","14",ACSC2,-107.4066105072,-107.0766651221,38.7024619212,39.0333495062,CBRFC,"14020004",gjt,gun,ACSC2,f,ANTHRACITE CK - ABV MOUTH NR SOMERSET,,"3","0","2895","3352","0","0","0",ACSC2HLF,ACSC2HMF,ACSC2HUF,,,
"0","15",ADBA3,-112.1866554130,-112.0846094161,33.6709945426,33.7984224515,CBRFC,"15070102",slc,aguafria,ADBA3,d,ADOBE DAM,,"2","0","472","0","0","0","0",ADBA3LLH,ADBA3LUH,,,,
"0","16",AFHA3,-112.4265528488,-112.1256202331,34.4263112944,34.7184393030,CBRFC,"15070102",slc,aguafria,AFHA3,d,AGUA FRIA - HUMBOLDT- NR,,"3","0","1524","1828","0","0","0",AFHA3HLH,AFHA3HMH,AFHA3HUH,,,
"0","18",AFMA3,-112.3979071386,-111.7818091798,34.2777926433,34.6689047162,CBRFC,"15070102",slc,aguafria,AFMA3,d,AGUA FRIA - MAYER- NR,,"3","0","1219","1524","0","0","0",AFMA3LLH,AFMA3LMH,AFMA3LUH,,,
"0","19",AFPU1,-111.6980068008,-111.5678059158,40.3919929295,40.5779887858,CBRFC,"16020201",slc,provo,AFPU1,f,AMERICAN FORK - AMERICAN FORK- NR- UP PWRPLNT- ABV,,"2","0","2590","0","0","0","0",AFPU1HLF,AFPU1HUF,,,,
"0","20",AFRA3,-112.4058269816,-111.7856363065,33.9828960829,34.4293029990,CBRFC,"15070102",slc,aguafria,AFRA3,f,AGUA FRIA - ROCK SPGS- NR,,"3","0","1219","1524","0","0","0",AFRA3LLH,AFRA3LMH,AFRA3LUH,,,
"0","21",AJUA3,-111.5581769426,-111.1117908322,33.4034858815,33.7533770187,CBRFC,"15060106",slc,salt,AJUA3,d,STEWART MOUNTAIN DAM,,"3","0","914","1280","0","0","0",AJUA3LLH,AJUA3LMH,AJUA3LUH,,,
"0","22",ALEC2,-107.1205539367,-106.7478438169,38.6634292261,39.0337948797,CBRFC,"14020001",gjt,gun,ALEC2,f,EAST - ALMONT,,"3","0","2895","3352","0","0","0",ALEC2HLF,ALEC2HMF,ALEC2HUF,,,
"0","23",ALMA3,-113.7462395843,-112.7805742483,34.0332576313,34.4851392590,CBRFC,"15030204",fgz,billpar,ALMA3,d,ALAMO RESERVOIR,,"2","0","762","0","0","0","0",ALMA3LLH,ALMA3LUH,,,,
"0","24",ALTC2,-106.8448947398,-106.5148955560,38.6077599070,38.9454287117,CBRFC,"14020001",gjt,gun,ALTC2,d,TAYLOR - ALMONT,,"2","0","3352","0","0","0","0",ALTC2LLF,ALTC2LUF,,,,
"0","25",APNC2,-106.8208737894,-106.5582079864,38.9954018530,39.1923471427,CBRFC,"14010004",gjt,colpal,APNC2,f,ROARING FORK - ASPEN- NR,,"2","0","3505","0","0","0","0",APNC2HLF,APNC2HUF,,,,
"0","26",ARFN5,-108.2056434600,-107.7789982551,36.7192660344,37.1092981958,CBRFC,"14080104",gjt,sanjuan,ARFN5,f,ANIMAS - FARMINGTON,,"2","0","1828","0","0","0","0",ARFN5LLF,ARFN5LUF,,,,
"0","28",ARVA3,-110.6304934488,-110.0293520695,32.5535511084,33.0278318699,CBRFC,"15050203",twc,sanpedro,ARVA3,f,ARAVAIPA CK - MAMMOTH,,"3","0","1280","1524","0","0","0",ARVA3HLH,ARVA3HMH,ARVA3HUH,,,
"0","29",ASHU1,-109.8847360585,-109.5961328099,40.5766239216,40.8036085460,CBRFC,"14060002",slc,duchpr,ASHU1,d,ASHLEY CK - VERNAL- NR,,"2","0","3048","0","0","0","0",ASHU1HLF,ASHU1HUF,,,,
"0","30",ATPA3,-111.6515510670,-111.1926859964,31.4899548270,31.8933772469,CBRFC,"15050304",twc,santacrz,ATPA3,d,ALTAR WASH - THREE POINTS- NR,,"3","0","1066","1219","0","0","0",ATPA3LLH,ATPA3LMH,ATPA3LUH,,,
"0","31",AVCA3,-111.3317251372,-111.1968051294,31.4535328817,31.6213763832,CBRFC,"15050304",twc,santacrz,AVCA3,d,ARIVACA CK - ARIVACA,,"1","0","0","0","0","0","0",AVCA3HLH,,,,,
"0","32",AVOA3,-112.3435417135,-112.1416754253,33.4347269514,33.6297941975,CBRFC,"15070102",slc,aguafria,AVOA3,d,AGUA FRIA - BUCKEYE,,"1","0","0","0","0","0","0",AVOA3LLH,,,,,
"0","33",BABA3,-110.5164294735,-110.2254996541,31.4827407300,31.7777395272,CBRFC,"15050202",twc,sanpedro,BABA3,d,BABOCOMARI - TOMBSTONE- NR,,"2","0","1371","0","0","0","0",BABA3LLH,BABA3LUH,,,,
"0","34",BAKC2,-105.9611107456,-105.7807531157,40.3117163437,40.4862510279,CBRFC,"14010001",bou,colkrem,BAKC2,f,COLORADO - BLO BAKER GULCH NR GRAND LAKE,,"3","0","2895","3352","0","0","0",BAKC2HLF,BAKC2HMF,BAKC2HUF,,,
"0","35",BCBA3,-113.4715653395,-112.9320029087,34.4859022098,34.9637290843,CBRFC,"15030202",fgz,billpar,BCBA3,d,BURRO CK - BAGDAD- NR- OLD US 93 BRIDGE,,"3","0","1219","1524","0","0","0",BCBA3HLH,BCBA3HMH,BCBA3HUH,,,
"0","37",BCNU1,-112.5521124540,-112.0094479244,41.5636702945,42.5569535568,CBRFC,"16010204",slc,bear,BCNU1,f,BEAR - CORINNE- NR,,"3","0","1676","2133","0","0","0",BCNU1LLF,BCNU1LMF,BCNU1LUF,,,
"0","39",BCTU1,-111.7814338217,-111.5528824643,40.5769722171,40.6744085994,CBRFC,"16020204",slc,sixcks,BCTU1,f,BIG COTTONWOOD CK - SALT LAKE CITY- NR,,"3","0","2590","2895","0","0","0",BCTU1HLF,BCTU1HMF,BCTU1HUF,,,
"0","40",BCWU1,-111.9017102709,-111.7228990491,40.6157644584,40.6889588876,CBRFC,"16020204",slc,sixcks,BCWU1,d,BIG COTTONWOOD CK - 300 WEST,,"1","0","0","0","0","0","0",BCWU1LLF,,,,,
"0","41",BDAC2,-107.8736508826,-107.6473083851,37.0543666416,37.4127007661,CBRFC,"14080104",gjt,sanjuan,BDAC2,d,FLORIDA - BONDAD- NR,,"3","0","2133","2590","0","0","0",BDAC2LLF,BDAC2LMF,BDAC2LUF,,,
"0","43",BDWU1,-114.1256446376,-113.9362457810,37.4586093273,37.6082049404,CBRFC,"15010010",slc,virgin,BDWU1,d,BEAVER DAM WASH - ENTERPRISE- NR,,"2","0","1828","0","0","0","0",BDWU1HLH,BDWU1HUH,,,,
"0","45",BEAA3,-114.2480899140,-113.8185855602,36.8982108376,37.4895930403,CBRFC,"15010010",slc,virgin,BEAA3,d,BEAVER DAM WASH - BEAVER DAM,,"3","0","1066","1371","0","0","0",BEAA3LLH,BEAA3LMH,BEAA3LUH,,,
"0","48",BEAW4,-111.2649197992,-110.8132568699,40.9062505754,41.4373569442,CBRFC,"16010101",slc,bear,BEAW4,d,BEAR - WOODRUFF NARROWS RSVR- ABV,,"2","0","2194","0","0","0","0",BEAW4LLF,BEAW4LUF,,,,
"0","49",BERU1,-111.0187887397,-110.6815408021,40.7101794913,40.9656601776,CBRFC,"16010101",slc,bear,BERU1,f,BEAR - UTAH-WYOMING STATE LINE- NR,,"2","0","3048","0","0","0","0",BERU1HLF,BERU1HUF,,,,
"0","50",BESI1,-111.6344091713,-111.2225250738,42.3871118584,42.6773523942,CBRFC,"16010201",slc,bear,BESI1,d,BEAR - SODA SPRINGS- AT,,"3","0","2133","2499","0","0","0",BESI1LLF,BESI1LMF,BESI1LUF,,,
"0","51",BEVU1,-112.5780282096,-112.3355015819,38.1837407297,38.3858996575,CBRFC,"16030007",slc,sevier,BEVU1,d,BEAVER - BEAVER- NR,,"3","0","2590","3048","0","0","0",BEVU1HLH,BEVU1HMH,BEVU1HUH,,,
"0","52",BFFU1,-110.2833863356,-108.5929760830,36.6358008625,37.9826733444,CBRFC,"14080205",gjt,sanjuan,BFFU1,f,SAN JUAN - BLUFF- NR,,"3","0","1828","2133","0","0","0",BFFU1LLF,BFFU1LMF,BFFU1LUF,,,
"0","57",BIGU1,-111.8357816280,-111.7332774637,40.6010458566,40.6692212177,CBRFC,"16020204",slc,sixcks,BIGU1,f,BIG COTTONWOOD CK - COTTONWOOD LN,,"2","0","2133","0","0","0","0",BIGU1LLF,BIGU1LUF,,,,
"0","59",BIGW4,-109.4970740585,-109.2706584726,42.2413257991,42.4151282466,CBRFC,"14040104",slc,green,BIGW4,d,BIG SANDY - BIG SANDY RES- FARSON- NR,,"1","0","0","0","0","0","0",BIGW4RLF,,,,,
"0","62",BIUI1,-112.1685034391,-111.5651398505,41.9836353839,42.4000942496,CBRFC,"16010202",slc,bear,BIUI1,f,BEAR - ID/UT STATELINE,,"3","0","1676","2133","0","0","0",BIUI1LLF,BIUI1LMF,BIUI1LUF,,,
"0","63",BKFA3,-110.2400187264,-109.5382336495,33.3586154390,33.9012346331,CBRFC,"15060101",slc,salt,BKFA3,d,BLACK - FT APACHE- NR,,"3","0","1981","2438","0","0","0",BKFA3LLH,BKFA3LMH,BKFA3LUH,,,
"0","64",BLCA3,-109.3747804353,-108.9599957660,33.2898273391,33.8276745100,CBRFC,"15040004",slc,upgila,BLCA3,d,BLUE - CLIFTON- NR,,"3","0","2133","2438","0","0","0",BLCA3HLH,BLCA3HMH,BLCA3HUH,,,
"0","66",BLKI1,-111.6010564872,-111.0789608494,41.6739922932,42.1464702677,CBRFC,"16010201",slc,bear,BLKI1,d,BEAR RIVER - BEAR LAKE- NR LIFTON,,"3","0","2133","2499","0","0","0",BLKI1HLF,BLKI1HMF,BLKI1HUF,,,
"0","67",BLLA3,-112.5708830003,-112.3268614221,33.3885158928,33.5895138605,CBRFC,"15070101",fgz,logila,BLLA3,d,BULLARD WASH,,"2","0","342","0","0","0","0",BLLA3HLH,BLLA3HUH,,,,
"0","68",BMDC2,-107.3668140439,-106.8341792092,37.9260591161,38.7552411295,CBRFC,"14020002",gjt,gun,BMDC2,d,GUNNISON - BLUE MESA RES,,"3","0","2895","3352","0","0","0",BMDC2LLF,BMDC2LMF,BMDC2LUF,,,
"0","69",BMWA3,-111.3353557917,-111.0431357233,31.9266188126,32.2721099236,CBRFC,"15050304",twc,santacrz,BMWA3,d,BRAWLEY WASH AT MILEWIDE RD,,"2","0","853","0","0","0","0",BMWA3LLH,BMWA3LUH,,,,
"0","70",BNMA3,-109.9521657025,-109.4961409848,32.9481356780,33.3134831100,CBRFC,"15040005",slc,upgila,BNMA3,f,BONITA CK - MORENCI- NR,,"2","0","1584","0","0","0","0",BNMA3HLH,BNMA3HUH,,,,
"0","71",BNRU1,-110.7095897491,-110.4872535733,40.7388686731,40.9737686609,CBRFC,"14040107",slc,green,BNRU1,f,BLACKS FORK - ROBERTSON- NR,,"2","0","3200","0","0","0","0",BNRU1HLF,BNRU1HUF,,,,
"0","72",BORW4,-110.9158673730,-110.6343349363,42.2786272618,42.6054295247,CBRFC,"16010102",slc,bear,BORW4,f,SMITHS FORK - BORDER- NR,,"2","0","2590","0","0","0","0",BORW4HLF,BORW4HUF,,,,
"0","74",BPNW4,-110.0595435058,-109.2106269550,42.5219721310,43.2067951033,CBRFC,"14040101",slc,green,BPNW4,f,NEW FORK - BIG PINEY- NR,,"3","2286","2590","3048","0","0","0",BPNW4LLF,BPNW4LMF,BPNW4LUF,,,
"0","75",BPPA3,-109.7665697138,-109.1718897808,33.4693726353,33.9912682673,CBRFC,"15060101",slc,salt,BPPA3,d,BLACK - POINT OF PINES- NR- PUMPING PLANT- BLO,,"3","0","2133","2590","0","0","0",BPPA3HLH,BPPA3HMH,BPPA3HUH,,,
"0","79",BRAI1,-111.6262350023,-111.1261811743,42.1075640664,42.4693550056,CBRFC,"16010201",slc,bear,BRAI1,f,BEAR - PESCADERO,,"3","0","2133","2499","0","0","0",BRAI1LLF,BRAI1LMF,BRAI1LUF,,,
"0","81",BRBW4,-111.0693831922,-110.9410710865,42.1022268744,42.2316497915,CBRFC,"16010102",slc,bear,BRBW4,f,BEAR - BORDER,,"2","0","2133","0","0","0","0",BRBW4LLF,BRBW4LUF,,,,
"0","82",BRTA3,-111.7988928140,-111.4930716259,33.7932333144,34.0702975972,CBRFC,"15060203",fgz,verde,BRTA3,d,BARTLETT RESERVOIR,,"3","0","914","1219","0","0","0",BRTA3LLH,BRTA3LMH,BRTA3LUH,,,
"0","83",BSRW4,-109.7313268029,-109.1282261896,42.2976349400,42.7700034750,CBRFC,"14040104",slc,green,BSRW4,f,BIG SANDY - FARSON- NR,,"3","2286","2590","3048","0","0","0",BSRW4HLF,BSRW4HMF,BSRW4HUF,,,
"0","85",BSWC2,-106.1172466774,-105.8569600010,39.4375929335,39.5696051218,CBRFC,"14010002",gjt,colkrem,BSWC2,d,BLUE - DILLON- NR,,"2","0","3505","0","0","0","0",BSWC2LLF,BSWC2LUF,,,,
"0","86",BUEC2,-106.1383612445,-105.9516864759,39.3583500872,39.4581710876,CBRFC,"14010002",gjt,colkrem,BUEC2,f,BLUE - BLUE RIVER,,"2","0","3505","0","0","0","0",BUEC2HLF,BUEC2HUF,,,,
"0","88",BWCA3,-111.0405471145,-110.7893018702,32.4128010158,32.6890288203,CBRFC,"15050301",twc,santacrz,BWCA3,d,BIG WASH - CANADA DEL ORO,,"2","0","1066","0","0","0","0",BWCA3HLH,BWCA3HUH,,,,
"0","90",BWPA3,-114.1240761673,-113.5703464687,34.0745740701,34.7396217108,CBRFC,"15030204",fgz,billpar,BWPA3,d,BILL WILLIAMS - PARKER- NR,,"2","0","609","0","0","0","0",BWPA3LLH,BWPA3LUH,,,,
"0","93",BWTA3,-111.6236579495,-111.1977983602,31.7890217461,32.1045260877,CBRFC,"15050304",twc,santacrz,BWTA3,f,BRAWLEY WASH - THREE POINTS,,"3","0","914","1066","0","0","0",BWTA3LLH,BWTA3LMH,BWTA3LUH,,,
"0","94",CAMC2,-108.6721059144,-107.3074497183,39.2160646790,39.8426300644,CBRFC,"14010005",gjt,colpal,CAMC2,f,COLORADO - CAMEO- NR,,"3","1981","2438","2895","0","0","0",CAMC2LLF,CAMC2LMF,CAMC2LUF,,,
"0","98",CANU1,-111.5253447544,-111.0651040941,38.0672660631,38.4790640283,CBRFC,"14070003",slc,sanrafdd,CANU1,d,FREMONT - CAINEVILLE- NR,,"3","0","1828","2286","0","0","0",CANU1LLF,CANU1LMF,CANU1LUF,,,
"0","100",CASU1,-111.7218765104,-111.0818156838,39.6998012223,40.2662329820,CBRFC,"16020202",slc,provo,CASU1,f,SPANISH FORK - CASTILLA- NR,,"3","0","2133","2590","0","0","0",CASU1HLF,CASU1HMF,CASU1HUF,,,
"0","102",CAVA3,-111.9794571273,-111.7871478787,33.8803545227,34.0584290850,CBRFC,"15060106",slc,aguafria,CAVA3,f,CAVE CK - CAVE CK- NR- COTTONWOOD WASH- BLO,,"2","0","1219","0","0","0","0",CAVA3HLH,CAVA3HUH,,,,
"0","104",CAWA3,-109.3176152854,-108.0412936050,33.9926838598,34.7247901418,CBRFC,"15020003",fgz,litcol,CAWA3,d,CARRIZO WASH - ST. JOHNS- NR,,"3","0","2133","2590","0","0","0",CAWA3HLH,CAWA3HMH,CAWA3HUH,,,
"0","106",CAWC2,-106.0324921348,-105.8084547829,40.0421889626,40.1823528112,CBRFC,"14010001",gjt,colkrem,CAWC2,d,COLORADO - GRANBY- NR- WINDY GAP- AT,,"2","0","2895","0","0","0","0",CAWC2LLF,CAWC2LUF,,,,
"0","107",CBQA3,-110.6848499540,-110.3429016493,33.8423403077,34.2485462933,CBRFC,"15060103",slc,salt,CBQA3,d,CIBECUE CK - CHRYSOTILE- NR,,"3","0","1676","1981","0","0","0",CBQA3HLH,CBQA3HMH,CBQA3HUH,,,
"0","108",CBTA3,-112.0923560343,-111.8278170248,33.7154669594,33.8774404141,CBRFC,"15060106",slc,aguafria,CBTA3,d,CAVE BUTTES DAM,,"2","0","563","0","0","0","0",CBTA3LLH,CBTA3LUH,,,,
"0","109",CCDU1,-112.5229798145,-112.2861229952,38.4017520481,38.6876597118,CBRFC,"16030003",slc,sevier,CCDU1,d,CLEAR CK - SEVIER- NR- DIVERSIONS- ABV,,"3","0","2286","2743","0","0","0",CCDU1HLH,CCDU1HMH,CCDU1HUH,,,
"0","110",CCMA3,-110.5872294240,-108.8532387708,35.7349953783,36.9737020131,CBRFC,"14080204",gjt,sanjuan,CCMA3,d,CHINLE CK - MEXICAN WATER- NR,,"3","0","1828","2133","0","0","0",CCMA3HLF,CCMA3HMF,CCMA3HUF,,,
"0","114",CCPA3,-110.8215322884,-110.7453150646,32.4300368849,32.5244942125,CBRFC,"15050301",twc,santacrz,CCPA3,d,CANADA DEL ORO - CORONADO CAMP,,"2","0","1950","0","0","0","0",CCPA3HLH,CCPA3HUH,,,,
"0","116",CCSU1,-111.8845103936,-111.7122978603,40.7913890335,40.8610824531,CBRFC,"16020204",slc,sixcks,CCSU1,f,CITY CK - SALT LAKE CITY- NR,,"2","0","2133","0","0","0","0",CCSU1HLF,CCSU1HUF,,,,
"0","117",CCUC2,-109.1079675874,-108.2505110200,38.8808662791,39.6273085787,CBRFC,"14010005",fgz,powell,CCUC2,f,COLORADO - CO-UT STATE LINE- NR,,"1","0","0","0","0","0","0",CCUC2RLF,,,,,
"0","120",CCWA3,-111.3795111745,-110.6114578686,34.3661363532,34.9716172313,CBRFC,"15020008",fgz,litcol,CCWA3,d,CLEAR CK - WINSLOW- NR,,"3","0","1828","2133","0","0","0",CCWA3HLH,CCWA3HMH,CCWA3HUH,,,
"0","122",CDBA3,-111.7836248447,-110.9612096729,34.7493140440,35.4020654689,CBRFC,"15020008",fgz,litcol,CDBA3,d,CANYON DIABLO - MOUTH,,"3","0","1981","2438","0","0","0",CDBA3HLH,CDBA3HMH,CDBA3HUH,,,
"0","127",CDCA3,-113.7277163387,-112.0721132004,35.7531738979,37.4206546782,CBRFC,"15010002",vef,havasu,CDCA3,d,COLORADO - DIAMOND CK- ABV- PEACH SPRINGS- NR,,"3","0","1524","2133","0","0","0",CDCA3LLH,CDCA3LMH,CDCA3LUH,,,
"0","132",CDOA3,-111.0429851307,-110.8049831993,32.3340674942,32.5087995191,CBRFC,"15050301",twc,santacrz,CDOA3,d,CANADA DEL ORO - INA RD- BLO- TUCSON- NR,,"2","0","975","0","0","0","0",CDOA3LLH,CDOA3LUH,,,,
"0","133",CDRC2,-108.0184474475,-107.8020998372,37.0330310273,37.2794180461,CBRFC,"14080104",gjt,sanjuan,CDRC2,f,ANIMAS - CEDAR HILL- NR,,"1","0","0","0","0","0","0",CDRC2LLF,,,,,
"0","135",CGCA3,-112.1859982760,-111.3393411384,35.8909347264,36.9980165123,CBRFC,"15010001",vef,havasu,CGCA3,d,COLORADO - GRAND CYN- NR,,"3","0","1524","2133","0","0","0",CGCA3LLH,CGCA3LMH,CGCA3LUH,,,
"0","137",CGGC2,-107.6853990706,-106.6918320888,40.0817744457,40.8359457061,CBRFC,"14050001",gjt,whyam,CGGC2,d,YAMPA - CRAIG- BLO,,"3","0","2286","2590","0","0","0",CGGC2LLF,CGGC2LMF,CGGC2LUF,,,
"0","138",CGYC2,-108.5489433927,-108.1889466069,39.0490671363,39.3200245809,CBRFC,"14010005",gjt,colpal,CGYC2,d,COLORADO - GRAND VALLEY DIV- BLO- PALISADE- NR,,"1","0","0","0","0","0","0",CGYC2LLF,,,,,
"0","139",CHRA3,-110.9996890035,-110.7682042654,33.8180101274,34.2416070733,CBRFC,"15060103",slc,salt,CHRA3,d,CHERRY CK - GLOBE- NR,,"2","0","1676","0","0","0","0",CHRA3HLH,CHRA3HUH,,,,
"0","141",CHWA3,-110.9999486508,-110.6954732162,34.2747976185,34.6484067111,CBRFC,"15020010",fgz,litcol,CHWA3,d,CHEVELON CK - WINSLOW- NR- WILDCAT CYN- BLO,,"2","0","2133","0","0","0","0",CHWA3HLH,CHWA3HUH,,,,
"0","145",CIVU1,-111.4024303904,-110.9585500332,40.8039770502,41.0534139583,CBRFC,"16020101",slc,weber,CIVU1,f,CHALK CK - COALVILLE,,"3","0","2133","2438","0","0","0",CIVU1HLF,CIVU1HMF,CIVU1HUF,,,
"0","147",CLDA3,-110.6371777386,-110.1311826537,33.0328575231,33.3801349645,CBRFC,"15040005",slc,upgila,CLDA3,d,GILA - SAN CARLOS RES- COOLIDGE DAM- AT,,"1","0","0","0","0","0","0",CLDA3LLH,,,,,
"0","148",CLLU1,-111.5171493858,-111.2858157881,40.7292723695,40.9088533528,CBRFC,"16020101",slc,weber,CLLU1,f,WEBER - COALVILLE- NR,,"2","0","2133","0","0","0","0",CLLU1LLF,CLLU1LUF,,,,
"0","149",CLOC2,-107.9410277597,-107.5109086295,37.9954173796,38.3348832775,CBRFC,"14020006",gjt,gun,CLOC2,f,UNCOMPAHGRE - COLONA,,"3","0","2895","3352","0","0","0",CLOC2LLF,CLOC2LMF,CLOC2LUF,,,
"0","150",CLRU1,-109.7219859338,-108.7010236624,38.7114290372,39.4585079783,CBRFC,"14030005",fgz,powell,CLRU1,d,COLORADO - CISCO- NR,,"1","0","0","0","0","0","0",CLRU1RLF,,,,,
"0","153",CLSC2,-107.6603513244,-107.3872260499,38.1131085258,38.6716844194,CBRFC,"14020002",gjt,gun,CLSC2,d,GUNNISON - CRYSTAL RES,,"3","0","2895","3352","0","0","0",CLSC2LLF,CLSC2LMF,CLSC2LUF,,,
"0","154",CNEA3,-110.8478354705,-110.4206026420,31.5860791147,31.8961572094,CBRFC,"15050302",twc,santacrz,CNEA3,d,CIENEGA CK - SONOITA- NR,,"3","0","1371","1493","0","0","0",CNEA3HLH,CNEA3HMH,CNEA3HUH,,,
"0","155",COAU1,-113.0474151638,-112.8193188860,37.5456561840,37.6970130211,CBRFC,"16030006",slc,sevier,COAU1,f,COAL CK - CEDAR CITY- NR,,"3","0","2590","3048","0","0","0",COAU1HLH,COAU1HMH,COAU1HUH,,,
"0","158",COKW4,-111.1001089703,-110.7836795736,41.8959542508,42.3232321524,CBRFC,"16010102",slc,bear,COKW4,f,BEAR - SMITHS FORK- BLO- COKEVILLE- NR,,"2","0","2133","0","0","0","0",COKW4LLF,COKW4LUF,,,,
"0","159",CRAU1,-111.4494071603,-111.2216913848,41.1279758823,41.3744740753,CBRFC,"16020101",slc,weber,CRAU1,d,LOST CK - LOST CK RES- CROYDON- NR,,"2","0","2286","0","0","0","0",CRAU1HLF,CRAU1HUF,,,,
"0","161",CRCC2,-106.9806938443,-106.5553350277,37.9415263801,38.3395679482,CBRFC,"14020003",gjt,gun,CRCC2,d,COCHETOPA CK - ROCK CK- BLO- PARLIN- NR,,"2","0","3352","0","0","0","0",CRCC2HLF,CRCC2HUF,,,,
"0","167",CRCU1,-112.1659137887,-111.5866100483,41.5332913551,42.1958237841,CBRFC,"16010202",slc,bear,CRCU1,d,BEAR RIVER - CUTLER RESERVOIR-,,"3","0","1676","2133","0","0","0",CRCU1LLF,CRCU1LMF,CRCU1LUF,,,
"0","169",CRFC2,-107.6371220697,-107.4460323852,38.5265143678,38.7015522600,CBRFC,"14020002",gjt,gun,CRFC2,f,CRAWFORD RESERVOIR,,"2","0","2438","0","0","0","0",CRFC2HLF,CRFC2HUF,,,,
"0","175",CRUU1,-111.1771580467,-110.9928244059,40.3038902583,40.4198232058,CBRFC,"14060004",slc,duchpr,CRUU1,d,CURRANT CK - CURRANT CK RES,,"1","0","0","0","0","0","0",CRUU1HLF,,,,,
"0","176",CRZA3,-110.6729605190,-109.8329256426,33.9855012066,34.3069128074,CBRFC,"15060104",slc,salt,CRZA3,d,CARRIZO CK - SHOW LOW- NR,,"2","0","1981","0","0","0","0",CRZA3HLH,CRZA3HUH,,,,
"0","183",CSCA3,-111.1500136473,-110.8801997338,32.1999393216,32.5001119601,CBRFC,"15050301",twc,santacrz,CSCA3,f,SANTA CRUZ - CORTARO,,"2","0","853","0","0","0","0",CSCA3LLH,CSCA3LUH,,,,
"0","184",CSPA3,-113.7176990471,-112.8169414717,33.2074798809,33.9202942997,CBRFC,"15070104",fgz,hasscent,CSPA3,d,CENTENNIAL WASH - SOUTHERN PACIFIC- ARLINGTON- NR,,"3","0","426","548","0","0","0",CSPA3LLH,CSPA3LMH,CSPA3LUH,,,
"0","186",CSSC2,-106.5626599499,-106.4104728213,39.4003425829,39.5675064749,CBRFC,"14010003",gjt,colpal,CSSC2,d,CROSS CK - MINTURN- NR,,"3","0","3200","3657","0","0","0",CSSC2HLF,CSSC2HMF,CSSC2HUF,,,
"0","189",CSYU1,-111.6088827482,-111.4204334110,41.2271922402,41.4215639979,CBRFC,"16020102",slc,weber,CSYU1,d,SF OGDEN - CAUSEY RES,,"2","0","2438","0","0","0","0",CSYU1HLF,CSYU1HUF,,,,
"0","191",CTRU1,-110.8131328802,-109.0021215957,37.8215918825,39.2161590937,CBRFC,"14070001",fgz,powell,CTRU1,d,COLORADO - CATARACT CANYON,,"3","0","2133","2590","0","0","0",CTRU1LLF,CTRU1LMF,CTRU1LUF,,,
"0","200",CWWA3,-113.6099288246,-112.8686995007,33.7667502357,34.2291748525,CBRFC,"15070104",fgz,hasscent,CWWA3,d,CENTENNIAL WASH @ WENDEN,,"3","0","670","792","0","0","0",CWWA3HLH,CWWA3HMH,CWWA3HUH,,,
"0","203",DADU1,-110.6582425790,-110.4313022097,40.2647331820,40.5808150886,CBRFC,"14060003",slc,duchpr,DADU1,d,DUCHESNE - DUCHESNE- NR- KNIGHT DIV- ABV,,"1","0","0","0","0","0","0",DADU1RLF,,,,,
"0","205",DAVA3,-110.7705125610,-110.6050016263,31.8036648722,31.9939378754,CBRFC,"15050302",twc,santacrz,DAVA3,d,DAVIDSON CANYON,,"2","0","1341","0","0","0","0",DAVA3HLH,DAVA3HUH,,,,
"0","206",DBDC2,-109.2656764649,-108.2181450882,37.5554151662,38.4670207766,CBRFC,"14030002",gjt,dol,DBDC2,d,DOLORES - BEDROCK- NR,,"3","0","2133","2743","0","0","0",DBDC2LLF,DBDC2LMF,DBDC2LUF,,,
"0","208",DBVA3,-111.8004376750,-111.4397509822,34.7259606478,34.9294535332,CBRFC,"15060202",fgz,verde,DBVA3,d,DRY BEAVER CK - RIMROCK- NR,,"3","0","1676","2133","0","0","0",DBVA3HLH,DBVA3HMH,DBVA3HUH,,,
"0","210",DCKC2,-107.9698934696,-107.7421955203,37.9869810668,38.1900907862,CBRFC,"14020006",gjt,gun,DCKC2,f,DALLAS CK - RIDGWAY- NR,,"3","0","2895","3352","0","0","0",DCKC2HLF,DCKC2HMF,DCKC2HUF,,,
"0","211",DCKN2,-115.2881840178,-115.0225751875,36.0132138570,36.1004910622,CBRFC,"15010015",vef,mudlv,DCKN2,d,DUCK CK - BROADBENT AVE,,"2","0","614","0","0","0","0",DCKN2HLH,DCKN2HUH,,,,
"0","212",DCRU1,-111.5935462104,-111.1740511980,40.2825052698,40.6132008751,CBRFC,"16020203",slc,provo,DCRU1,d,PROVO - DEER CK RES,,"3","0","2133","2590","0","0","0",DCRU1LLF,DCRU1LMF,DCRU1LUF,,,
"0","213",DDHU1,-111.5958235491,-110.1249408112,37.9289895229,39.0141089171,CBRFC,"14070004",slc,sanrafdd,DDHU1,d,DIRTY DEVIL - POISON SPGS- ABV- HANKSVILLE- NR,,"3","0","1524","2133","0","0","0",DDHU1LLF,DDHU1LMF,DDHU1LUF,,,
"0","214",DEKA3,-110.5743520799,-110.2095785290,34.2831847196,34.6767114945,CBRFC,,fgz,litcol,DEKA3,,,,"1","0","0","0","0","0","0",DEKA3XLH,,,,,
"0","216",DELC2,-108.1525425897,-107.6124289165,38.5010057276,39.0646610863,CBRFC,"14020005",gjt,gun,DELC2,f,GUNNISON - DELTA,,"3","0","1981","2438","0","0","0",DELC2LLF,DELC2LMF,DELC2LUF,,,
"0","217",DELU1,-111.7175416596,-111.6388988617,40.7636314234,40.8619270178,CBRFC,"16020204",slc,sixcks,DELU1,d,DELL FK - LITTLE DELL RES,,"2","0","2133","0","0","0","0",DELU1HLF,DELU1HUF,,,,
"0","218",DERN2,-115.7060953911,-114.9077287934,36.1845593312,36.7635062783,CBRFC,,vef,mudlv,DERN2,,,,"0","0","0","0","0","0","0",,,,,,
"0","219",DGOC2,-108.0425076899,-107.8180620964,37.2294221747,37.4129757357,CBRFC,"14080104",gjt,sanjuan,DGOC2,d,ANIMAS - DURANGO PUMP PLANT- BLO,,"2","0","2895","0","0","0","0",DGOC2LLF,DGOC2LUF,,,,
"0","220",DINA3,-110.9784975143,-110.1156686986,35.7450986430,36.5211210201,CBRFC,"15020017",fgz,litcol,DINA3,d,DINNEBITO WASH - SAND SPRINGS- NR- ORAISI- NR,,"3","0","1828","2133","0","0","0",DINA3HLH,DINA3HMH,DINA3HUH,,,
"0","221",DIRC2,-106.1860316247,-105.9013911307,39.5169151442,39.6499779804,CBRFC,"14010002",gjt,colkrem,DIRC2,d,BLUE - DILLON RES,,"3","0","3048","3505","0","0","0",DIRC2LLF,DIRC2LMF,DIRC2LUF,,,
"0","222",DLAC2,-108.1981748154,-107.6200112224,38.1928746057,38.7469102969,CBRFC,"14020006",gjt,gun,DLAC2,d,UNCOMPAHGRE - DELTA,,"3","0","1981","2438","0","0","0",DLAC2LLF,DLAC2LMF,DLAC2LUF,,,
"0","223",DMDN2,-115.1059100901,-114.7973453911,36.3127195501,36.6156904754,CBRFC,,vef,mudlv,DMDN2,,,,"1","0","0","0","0","0","0",DMDN2YLH,,,,,
"0","224",DOLC2,-108.5017689082,-107.9842138279,37.4373769331,37.8572165342,CBRFC,"14030002",gjt,dol,DOLC2,d,DOLORES - DOLORES,,"3","0","2590","3200","0","0","0",DOLC2LLF,DOLC2LMF,DOLC2LUF,,,
"0","225",DOLU1,-109.2382685056,-108.5823943826,38.3032485696,38.8681759412,CBRFC,"14030004",gjt,dol,DOLU1,d,DOLORES - CISCO- NR,,"3","0","2133","2743","0","0","0",DOLU1LLF,DOLU1LMF,DOLU1LUF,,,
"0","226",DRGC2,-108.0375859335,-107.5165751832,37.2765821324,37.9619617908,CBRFC,"14080104",gjt,sanjuan,DRGC2,f,ANIMAS - DURANGO,,"3","0","2895","3352","0","0","0",DRGC2HLF,DRGC2HMF,DRGC2HUF,,,
"0","227",DRRC2,-108.0931610360,-107.8609266930,37.6142383607,37.8451398435,CBRFC,"14030002",gjt,dol,DRRC2,f,DOLORES - RICO- BLO,,"2","0","3352","0","0","0","0",DRRC2HLF,DRRC2HUF,,,,
"0","228",DRUU1,-110.1116145789,-109.8225750655,40.1395816870,40.2342078407,CBRFC,"14060003",slc,duchpr,DRUU1,d,DUCHESNE - UINTA R- ABV,,"1","0","0","0","0","0","0",DRUU1LLF,,,,,
"0","229",DURU1,-109.8778698023,-109.7776664542,40.1627477865,40.2401448557,CBRFC,"14060003",slc,duchpr,DURU1,f,DUCHESNE - RANDLETT- NR,,"1","0","0","0","0","0","0",DURU1RLF,,,,,
"0","230",DUUA3,-109.2270241860,-108.7605822747,32.4143527741,32.8889705604,CBRFC,"15040002",slc,upgila,DUUA3,f,GILA - DUNCAN,,"2","0","1299","0","0","0","0",DUUA3LLH,DUUA3LUH,,,,
"0","237",DYCU1,-111.7577339464,-111.6829804796,40.4766515880,40.5354029456,CBRFC,"16020201",slc,provo,DYCU1,d,DRY CREEK - NR ALPINE,,"2","0","2590","0","0","0","0",DYCU1HLF,DYCU1HUF,,,,
"0","238",EALC2,-106.5530428652,-106.2373717147,39.3804857843,39.7245508821,CBRFC,"14010003",gjt,colpal,EALC2,d,EAGLE - AVON,,"3","0","2895","3352","0","0","0",EALC2LLF,EALC2LMF,EALC2LUF,,,
"0","240",ECAU1,-111.6246429388,-111.5206078855,40.6581269999,40.7679899900,CBRFC,"16020102",slc,weber,ECAU1,f,EAST CANYON CK - JEREMY RANCH- NR,,"3","0","2133","2438","0","0","0",ECAU1LLF,ECAU1LMF,ECAU1LUF,,,
"0","242",ECBU1,-111.4836881052,-111.2535946791,40.8579136688,41.0184313394,CBRFC,"16020101",slc,weber,ECBU1,d,WEBER - ECHO RES- ECHO- AT,,"2","0","2133","0","0","0","0",ECBU1LLF,ECBU1LUF,,,,
"0","243",ECMA3,-109.8809569726,-109.3028722205,33.0275999674,33.5850019738,CBRFC,"15040005",slc,upgila,ECMA3,f,EAGLE CK - MORENCI- NR- PUMPING PLANT- ABV,,"3","0","1767","1889","0","0","0",ECMA3HLH,ECMA3HMH,ECMA3HUH,,,
"0","245",ECPU1,-111.5959014151,-111.4758649521,40.6194298575,40.8007156899,CBRFC,"16020102",slc,weber,ECPU1,f,EAST CANYON CK - PARK CITY- NR,,"3","0","2133","2438","0","0","0",ECPU1LLF,ECPU1LMF,ECPU1LUF,,,
"0","246",ECRU1,-111.6657110726,-111.4794782448,40.7570079226,40.9656470636,CBRFC,"16020102",slc,weber,ECRU1,d,EAST CANYON CK - EAST CANYON RES- MORGAN- NR,,"2","0","2133","0","0","0","0",ECRU1LLF,ECRU1LUF,,,,
"0","247",EFFU1,-112.7027110647,-112.4698540574,37.3360809883,37.4970742031,CBRFC,"15010008",slc,virgin,EFFU1,d,EAST FORK VIRGIN - GLENDALE- NR,,"2","0","2133","0","0","0","0",EFFU1HLH,EFFU1HUH,,,,
"0","248",EGLC2,-107.3401487063,-106.4108020929,39.5995681153,40.1733223556,CBRFC,"14010001",gjt,colpal,EGLC2,f,COLORADO - DOTSERO- NR,,"3","2438","2895","3352","0","0","0",EGLC2LLF,EGLC2LMF,EGLC2LUF,,,
"0","251",EHRC2,-107.4098045958,-107.2923310113,40.5193884924,40.6786082758,CBRFC,"14050001",gjt,whyam,EHRC2,d,ELKHEAD RESERVOIR,,"1","0","0","0","0","0","0",EHRC2RLF,,,,,
"0","252",ELHC2,-107.3325430462,-107.0429773514,40.5212436532,40.8145823653,CBRFC,"14050001",gjt,whyam,ELHC2,d,ELKHEAD CK - LONG GULCH- ABV- HAYDEN- NR,,"3","0","2286","2590","0","0","0",ELHC2HLF,ELHC2HMF,ELHC2HUF,,,
"0","254",ELLU1,-111.3048639260,-111.1823014208,39.5866464634,39.7266732029,CBRFC,"14060009",slc,sanrafdd,ELLU1,d,HUNTINGTON CK - ELECTRIC LAKE,,"1","0","0","0","0","0","0",ELLU1HLF,,,,,
"0","256",EMIU1,-111.8121040107,-111.6893564283,40.7450694381,40.8349691427,CBRFC,"16020204",slc,sixcks,EMIU1,f,EMIGRATION CK - SALT LAKE CITY- NR,,"2","0","2133","0","0","0","0",EMIU1HLF,EMIU1HUF,,,,
"0","257",ENMC2,-107.1343427194,-106.6355113938,40.5137123289,40.9072602732,CBRFC,"14050001",gjt,whyam,ENMC2,f,ELK - MILNER- NR,,"3","0","2591","3049","0","0","0",ENMC2HLF,ENMC2HMF,ENMC2HUF,,,
"0","259",ESCU1,-111.9010877747,-111.5434819239,37.6259431089,38.0814418076,CBRFC,"14070005",slc,sanrafdd,ESCU1,d,ESCALANTE - ESCALANTE- NR,,"3","0","2133","2590","0","0","0",ESCU1HLF,ESCU1HMF,ESCU1HUF,,,
"0","261",ESTU1,-112.9683045433,-112.5383312867,37.0603137540,37.4359746687,CBRFC,"15010008",slc,virgin,ESTU1,d,EAST FORK VIRGIN - SPRINGDALE- NR,,"3","0","1676","2133","0","0","0",ESTU1LLH,ESTU1LMH,ESTU1LUH,,,
"0","262",EVAW4,-110.9818798205,-110.6667955288,40.8509047490,41.2965677630,CBRFC,"16010101",slc,bear,EVAW4,f,BEAR - EVANSTON,,"2","0","2438","0","0","0","0",EVAW4LLF,EVAW4LUF,,,,
"0","263",EVDA3,-111.6504586210,-111.1367813218,34.1459055010,34.4569685777,CBRFC,"15060203",fgz,verde,EVDA3,d,EAST VERDE - CHILDS- NR,,"3","0","1524","1828","0","0","0",EVDA3HLH,EVDA3HMH,EVDA3HUH,,,
"0","265",EWFA3,-109.8266020247,-109.5624981530,33.7556648030,33.9210850916,CBRFC,"15060102",slc,salt,EWFA3,d,EF WHITE - FT APACHE- NR,,"2","0","2590","0","0","0","0",EWFA3HLH,EWFA3HUH,,,,
"0","267",FCFU1,-111.8743356239,-111.7749399215,40.9568073677,41.0228259348,CBRFC,"16020102",slc,saltlake,FCFU1,d,FARMINGTON CK - FARMINGTON- NR- DIV- ABV,,"3","0","2133","2590","0","0","0",FCFU1HLF,FCFU1HMF,FCFU1HUF,,,
"0","268",FCHW4,-110.6478602415,-110.4154223877,42.0096799798,42.4228996031,CBRFC,"14040101",slc,green,FCHW4,f,FONTENELLE CK - HERSCHLER- NR,,"2","0","2590","0","0","0","0",FCHW4HLF,FCHW4HUF,,,,
"0","270",FCNU1,-111.3603616873,-111.1895509359,39.6146817531,39.8587452114,CBRFC,"14060007",slc,duchpr,FCNU1,d,FISH CK - SCOFIELD- NR- RESERVOIR- ABV,,"2","0","2590","0","0","0","0",FCNU1HLF,FCNU1HUF,,,,
"0","274",FCSA3,-111.6360490355,-111.4331225089,34.3871839471,34.5374503150,CBRFC,"15060203",fgz,verde,FCSA3,d,FOSSIL CK NR STRAWBERRY,,"2","0","1676","0","0","0","0",FCSA3HLH,FCSA3HUH,,,,
"0","276",FISC2,-106.7867595974,-106.6530750495,40.4521528440,40.5531793113,CBRFC,"14050001",gjt,whyam,FISC2,d,FISH CK - UPPER STN- STEAMBOAT SPGS- NR,,"2","0","3048","0","0","0","0",FISC2HLF,FISC2HUF,,,,
"0","277",FPTC2,-106.6917615256,-106.4812130888,39.1559632720,39.4134809336,CBRFC,"14010004",gjt,colpal,FPTC2,d,FRYING PAN - THOMASVILLE- NR,,"3","0","3048","3505","0","0","0",FPTC2HLF,FPTC2HMF,FPTC2HUF,,,
"0","278",FPWU1,-113.6002367028,-112.7290166644,36.3449534946,37.0852633395,CBRFC,"15010009",slc,virgin,FPWU1,d,FORT PEARCE WASH - ST. GEORGE- NR,,"3","0","1371","1676","0","0","0",FPWU1HLH,FPWU1HMH,FPWU1HUH,,,
"0","279",FRAW4,-109.8043641862,-109.5807877322,43.0051995300,43.1671313076,CBRFC,"14040102",slc,green,FRAW4,f,PINE CK - FREMONT LK- ABV,,"2","0","3200","0","0","0","0",FRAW4HLF,FRAW4HUF,,,,
"0","280",FREU1,-111.8953849663,-111.4624151815,38.0496213747,38.7446919763,CBRFC,"14070003",slc,sanrafdd,FREU1,d,FREMONT - BICKNELL- NR,,"3","0","2590","3048","0","0","0",FREU1HLF,FREU1HMF,FREU1HUF,,,
"0","283",FRGC2,-106.0428475769,-105.6760929416,39.7858489449,40.1138276000,CBRFC,"14010001",gjt,colkrem,FRGC2,d,FRASER - GRANBY,,"3","0","2895","3352","0","0","0",FRGC2LLF,FRGC2LMF,FRGC2LUF,,,
"0","284",FRMN5,-108.2570316307,-106.9490071344,36.0552411476,37.0840469724,CBRFC,"14080105",gjt,sanjuan,FRMN5,f,SAN JUAN - FARMINGTON,,"3","0","1828","2133","0","0","0",FRMN5LLF,FRMN5LMF,FRMN5LUF,,,
"0","285",FRRU1,-111.4913098901,-111.2124747759,39.0553343615,39.2923497206,CBRFC,"14060009",slc,sanrafdd,FRRU1,d,FERRON CK - FERRON- NR,,"3","0","2590","3048","0","0","0",FRRU1HLF,FRRU1HMF,FRRU1HUF,,,
"0","286",FRWC2,-105.8015641051,-105.6906535597,39.7947643424,39.9054605521,CBRFC,"14010001",gjt,colkrem,FRWC2,f,FRASER - WINTER PARK,,"2","0","3352","0","0","0","0",FRWC2HLF,FRWC2HUF,,,,
"0","287",FWDN2,-115.3012093698,-115.1922793385,36.0261705352,36.1447498564,CBRFC,"15010015",vef,mudlv,FWDN2,d,FLAMINGO WASH - DECATUR BLVD,,"1","0","0","0","0","0","0",FWDN2HLH,,,,,
"0","288",FWNN2,-115.2119478805,-115.0600061043,36.0639063918,36.1481640450,CBRFC,"15010015",vef,mudlv,FWNN2,d,FLAMINGO WASH - NELLIS BLVD,,"2","0","583","0","0","0","0",FWNN2LLH,FWNN2LUH,,,,
"0","289",GATA3,-111.5292031620,-110.8821645889,32.8131669112,33.2435143108,CBRFC,"15050100",fgz,logila,GATA3,f,GILA - ATTAWAY RD,,"3","0","609","1036","0","0","0",GATA3LLH,GATA3LMH,GATA3LUH,,,
"0","290",GATU1,-111.8766118653,-111.0695904002,40.8501203334,41.2755676981,CBRFC,"16020102",slc,weber,GATU1,f,WEBER - GATEWAY,,"2","0","2133","0","0","0","0",GATU1LLF,GATU1LUF,,,,
"0","291",GBRW4,-110.4631746921,-110.0307609897,42.0127774255,42.2371463517,CBRFC,"14040101",slc,green,GBRW4,d,GREEN - FONTENELLE RES- FONTENELLE NR,,"1","0","0","0","0","0","0",GBRW4RLF,,,,,
"0","294",GBYC2,-105.9959872104,-105.6265761075,40.0138364316,40.2863525892,CBRFC,"14010001",gjt,colkrem,GBYC2,d,COLORADO - LAKE GRANBY- GRANBY- NR,,"3","0","2895","3352","0","0","0",GBYC2LLF,GBYC2LMF,GBYC2LUF,,,
"0","295",GCFA3,-109.3351678576,-108.9464337842,32.6273315344,33.0985679192,CBRFC,"15040002",slc,upgila,GCFA3,d,GILA - CLIFTON- NR,,"3","0","1219","1432","0","0","0",GCFA3LLH,GCFA3LMH,GCFA3LUH,,,
"0","296",GCOC2,-107.3666987649,-106.9746513754,39.4917821163,39.7481419659,CBRFC,"14010005",gjt,colpal,GCOC2,f,COLORADO - GLENWOOD SPRINGS- BLO,,"3","1766","2438","2895","0","0","0",GCOC2LLF,GCOC2LMF,GCOC2LUF,,,
"0","297",GDCN5,-108.4168133181,-107.7822339728,33.2036865605,33.7482598016,CBRFC,"15040001",slc,upgila,GDCN5,d,GILA - DIAMOND CK- BLO,,"2","0","2286","0","0","0","0",GDCN5HLH,GDCN5HUH,,,,
"0","302",GDTA3,-114.0516736995,-112.8845749400,32.8099596994,33.4806378193,CBRFC,"15070201",fgz,logila,GDTA3,f,GILA - DATELAND,,"1","0","0","0","0","0","0",GDTA3RLH,,,,,
"0","305",GDVW4,-109.0694300773,-107.0698087275,41.4833958434,42.4000591621,CBRFC,,slc,grtdiv,GDVW4,,,,"1","0","0","0","0","0","0",GDVW4XLF,,,,,
"0","307",GEPC2,-107.6772298415,-107.6130096431,38.4931222170,38.5367870020,CBRFC,"14020002",gjt,gun,GEPC2,d,GUNNISON - GUNNISON TUN- BLO,,"1","0","0","0","0","0","0",GEPC2RLF,,,,,
"0","308",GGDA3,-112.9510001108,-112.3206082363,33.1567189636,33.6064745404,CBRFC,"15070104",fgz,logila,GGDA3,d,GILA - GILLESPIE DAM- BLO,,"2","0","304","0","0","0","0",GGDA3LLH,GGDA3LUH,,,,
"0","309",GIDA3,-114.4449510701,-112.5462057370,31.9852257793,33.3505378264,CBRFC,"15070201",fgz,logila,GIDA3,f,GILA - DOME- NR,,"1","0","0","0","0","0","0",GIDA3RLH,,,,,
"0","311",GILN5,-108.6787859668,-107.8398968296,32.9165119468,33.5794242169,CBRFC,"15040001",slc,upgila,GILN5,f,GILA - GILA- NR,,"3","0","2133","2438","0","0","0",GILN5LLH,GILN5LMH,GILN5LUH,,,
"0","312",GJNC2,-108.7771928538,-108.0053209933,38.3145118181,39.0589007968,CBRFC,"14020005",gjt,gun,GJNC2,f,GUNNISON - GRAND JUNCTION- NR,,"3","0","1981","2438","0","0","0",GJNC2LLF,GJNC2LMF,GJNC2LUF,,,
"0","315",GLCA3,-110.3200733864,-109.2859516830,32.4920528465,33.3347272356,CBRFC,"15040005",slc,upgila,GLCA3,f,GILA - CALVA,,"3","0","1066","1676","0","0","0",GLCA3LLH,GLCA3LMH,GLCA3LUH,,,
"0","318",GLDA3,-111.9150697234,-109.7570462591,36.4982785138,38.1991094506,CBRFC,"14070006",fgz,powell,GLDA3,d,COLORADO - LAKE POWELL- GLEN CYN DAM- AT,,"3","0","2133","2590","0","0","0",GLDA3LLF,GLDA3LMF,GLDA3LUF,,,
"0","323",GLHA3,-109.6348938779,-109.2196966372,32.8587195665,33.1093712584,CBRFC,"15040005",slc,upgila,GLHA3,f,GILA - SOLOMON- NR- HEAD OF SAFFORD VLY,,"2","0","1219","0","0","0","0",GLHA3LLH,GLHA3LUH,,,,
"0","324",GLKA3,-111.0723087321,-110.3170324060,32.8292299350,33.3683093793,CBRFC,"15050100",fgz,logila,GLKA3,f,GILA - KELVIN,,"3","0","914","1219","0","0","0",GLKA3LLH,GLKA3LMH,GLKA3LUH,,,
"0","326",GMRC2,-106.3903398704,-106.0265513472,39.6020574089,39.9266262697,CBRFC,"14010002",gjt,colkrem,GMRC2,d,BLUE - GREEN MTN RES,,"3","0","2895","3352","0","0","0",GMRC2LLF,GMRC2LMF,GMRC2LUF,,,
"0","327",GOWN2,-115.2517131688,-115.1479218048,36.2171545274,36.2629492947,CBRFC,"15010015",vef,mudlv,GOWN2,d,GOWAN DETENTION BASIN OUTLET - N LAS VEGAS- NR,,"1","0","0","0","0","0","0",GOWN2HLH,,,,,
"0","329",GPSC2,-107.0371618362,-106.4952713647,39.4176845491,39.8344669698,CBRFC,"14010003",gjt,colpal,GPSC2,f,EAGLE - GYPSUM- BLO,,"3","2438","2895","3352","0","0","0",GPSC2LLF,GPSC2LMF,GPSC2LUF,,,
"0","330",GRBA3,-110.9056472830,-110.7508352906,32.4767094554,32.6082848585,CBRFC,"15050301",twc,santacrz,GRBA3,d,CANADA DEL ORO - GOLDER ROAD BRIDGE,,"2","0","1219","0","0","0","0",GRBA3LLH,GRBA3LUH,,,,
"0","331",GRCA3,-112.5654136916,-112.4144609567,34.4789130902,34.5737658606,CBRFC,"15060202",fgz,verde,GRCA3,f,GRANITE CK - PRESCOTT- NR,,"2","0","1828","0","0","0","0",GRCA3HLH,GRCA3HUH,,,,
"0","332",GRDA3,-111.6939620710,-111.5137733811,33.4714849849,33.6447211564,CBRFC,"15060106",slc,salt,GRDA3,d,SALT - GRANITE REEF DAM,,"2","0","548","0","0","0","0",GRDA3LLH,GRDA3LUH,,,,
"0","333",GRGA3,-112.3904494599,-111.6808436442,33.1242499580,33.5759273827,CBRFC,"15070101",fgz,logila,GRGA3,d,GILA - ESTRELLA PARKWAY- GOODYEAR NR,,"2","0","330","0","0","0","0",GRGA3LLH,GRGA3LUH,,,,
"0","334",GRMA3,-112.0098674892,-110.9013666041,32.5754923749,33.1933151208,CBRFC,"15050100",fgz,logila,GRMA3,f,GILA - MARICOPA- NR,,"3","0","426","1031","0","0","0",GRMA3LLH,GRMA3LMH,GRMA3LUH,,,
"0","336",GRNU1,-110.1814524775,-109.1120186144,40.7391665807,41.5845733000,CBRFC,"14040106",slc,green,GRNU1,d,GREEN - FLAMING GORGE RES- FLAMING GORGE DAM- AT,,"3","2286","2590","3048","0","0","0",GRNU1LLF,GRNU1LMF,GRNU1LUF,,,
"0","353",GRRW4,-110.5044362584,-108.1993084085,41.0513956033,42.7101084000,CBRFC,"14040106",slc,green,GRRW4,f,GREEN - GREEN RIVER- WY- NR,,"3","0","2286","2590","0","0","0",GRRW4LLF,GRRW4LMF,GRRW4LUF,,,
"0","357",GRVC2,-106.3946039967,-106.1759259912,39.5301891013,39.7058454777,CBRFC,"14010003",gjt,colpal,GRVC2,d,GORE CK - VAIL- RED SANDSTONE CK- ABV,,"3","0","2895","3352","0","0","0",GRVC2HLF,GRVC2HMF,GRVC2HUF,,,
"0","358",GRVU1,-110.7455463748,-108.9054132999,38.9850059422,40.8278058018,CBRFC,"14060008",slc,green,GRVU1,f,GREEN - GREEN RIVER- UT,,"3","0","2133","2590","0","0","0",GRVU1LLF,GRVU1LMF,GRVU1LUF,,,
"0","359",GSFN5,-109.1045440166,-108.3842451479,33.2311829216,34.0786590884,CBRFC,"15040004",slc,upgila,GSFN5,f,SAN FRANCISCO - GLENWOOD- NR,,"3","0","2133","2590","0","0","0",GSFN5LLH,GSFN5LMH,GSFN5LUH,,,
"0","360",GSFU1,-115.0099385584,-111.6774697383,37.4510853604,41.9129055520,CBRFC,,slc,westdes,GSFU1,,,,"1","0","0","0","0","0","0",GSFU1YLF,,,,,
"0","369",GSLU1,-113.3207044620,-111.7391404132,39.8807630804,42.4718745730,CBRFC,"16020310",slc,saltlake,GSLU1,d,GREAT SALT LAKE - GREAT SALT LAKE NR SALINE,,"1","0","0","0","0","0","0",GSLU1XLF,,,,,
"0","374",GSNU1,-112.0896053829,-111.7082820612,39.5830369531,39.9522595210,CBRFC,,slc,provo,GSNU1,,,,"1","0","0","0","0","0","0",GSNU1XLF,,,,,
"0","377",GUSC2,-107.0942544651,-106.7387082941,38.5410069513,38.6721507452,CBRFC,"14020002",gjt,gun,GUSC2,f,GUNNISON - GUNNISON- NR,,"2","0","2895","0","0","0","0",GUSC2LLF,GUSC2LUF,,,,
"0","379",GUUU1,-113.8510183010,-113.6067515255,37.2223155899,37.3644340109,CBRFC,"15010008",slc,virgin,GUUU1,d,GUNLOCK RESERVOIR,,"1","0","0","0","0","0","0",GUUU1RLH,,,,,
"0","380",GVRN5,-108.9660663496,-108.4774021156,32.5667099118,32.9901326411,CBRFC,"15040002",slc,upgila,GVRN5,f,GILA - VIRDEN- NR- BLUE CK- BLO,,"2","0","1524","0","0","0","0",GVRN5LLH,GVRN5LUH,,,,
"0","381",GWSC2,-107.4651890559,-106.6453092081,38.9777858711,39.5635486336,CBRFC,"14010004",gjt,colpal,GWSC2,f,ROARING FORK - GLENWOOD SPRINGS,,"3","2438","2895","3352","0","0","0",GWSC2LLF,GWSC2LMF,GWSC2LUF,,,
"0","382",HAMA3,-112.8183186811,-112.5256033285,33.8803100929,34.0240966046,CBRFC,"15070103",fgz,hasscent,HAMA3,f,HASSAYAMPA - MORRISTOWN- NR,,"2","0","822","0","0","0","0",HAMA3LLH,HAMA3LUH,,,,
"0","384",HATU1,-112.8672225986,-112.3484651780,37.4076840150,37.7135580293,CBRFC,"16030001",slc,sevier,HATU1,f,SEVIER - HATCH,,"3","0","2590","3048","0","0","0",HATU1HLH,HATU1HMH,HATU1HUH,,,
"0","386",HBCU1,-111.6378109424,-111.2942976036,40.0887070834,40.3004264479,CBRFC,"16020202",slc,provo,HBCU1,d,HOBBLE CK - SPRINGVILLE- 700 EAST,,"3","0","2133","2590","0","0","0",HBCU1HLF,HBCU1HMF,HBCU1HUF,,,
"0","387",HFMW4,-110.4308163013,-109.6596476234,40.7840986777,41.1785576649,CBRFC,"14040106",slc,green,HFMW4,f,HENRYS FORK - MANILA- NR,,"3","2286","2590","3048","0","0","0",HFMW4HLF,HFMW4HMF,HFMW4HUF,,,
"0","388",HLZU1,-111.9539778652,-111.7626787234,41.5510083686,41.6277175232,CBRFC,"16010203",slc,bear,HLZU1,d,LITTLE BEAR - HYRUM RESERVOIR,,"1","0","0","0","0","0","0",HLZU1RLF,,,,,
"0","389",HMAC2,-106.5083280851,-106.4569471641,39.3055700031,39.3714530189,CBRFC,"14010003",gjt,colpal,HMAC2,d,HOMESTAKE CK - HOMESTAKE RES,,"2","0","3505","0","0","0","0",HMAC2HLF,HMAC2HUF,,,,
"0","390",HMFW4,-110.8142083234,-110.6258239451,42.1007268378,42.3698509598,CBRFC,"14040107",slc,green,HMFW4,f,HAMS FORK - FRONTIER- NR- POLE CK- BLO,,"2","0","2590","0","0","0","0",HMFW4HLF,HMFW4HUF,,,,
"0","396",HMSC2,-106.5241628080,-106.4029821600,39.3073662692,39.4480809033,CBRFC,"14010003",gjt,colpal,HMSC2,d,HOMESTAKE CK - GOLD PARK,,"2","0","3505","0","0","0","0",HMSC2LLF,HMSC2LUF,,,,
"0","397",HNTU1,-111.3141825926,-111.2571576465,39.5825608678,39.6208425146,CBRFC,"14060009",slc,sanrafdd,HNTU1,d,HUNTINGTON RESERVOIR,,"1","0","0","0","0","0","0",HNTU1HLF,,,,,
"0","398",HORA3,-111.9008498646,-111.4611309099,33.9673439552,34.1361479849,CBRFC,"15060203",fgz,verde,HORA3,d,HORSESHOE RESERVOIR,,"3","0","914","1219","0","0","0",HORA3LLH,HORA3LMH,HORA3LUH,,,
"0","399",HPBU1,-111.3021042559,-111.0618733156,39.3342062466,39.6164639355,CBRFC,"14060009",slc,sanrafdd,HPBU1,d,HUNTINGTON CK - POWER PLANT- BLO -HUNTINGTON- NR,,"2","0","2590","0","0","0","0",HPBU1LLF,HPBU1LUF,,,,
"0","400",HRMU1,-111.7559750149,-111.4014531853,41.4601777670,41.8495675514,CBRFC,"16010203",slc,bear,HRMU1,f,BLACKSMITH FORK - HYRUM- NR- UPNL DAM- ABV,,"3","0","2133","2438","0","0","0",HRMU1HLF,HRMU1HMF,HRMU1HUF,,,
"0","401",HSTA3,-113.0256525177,-112.5470076946,33.3464543771,33.9548751103,CBRFC,"15070103",fgz,hasscent,HSTA3,d,HASSAYAMPA - ARLINGTON- NR,,"3","0","457","609","0","0","0",HSTA3LLH,HSTA3LMH,HSTA3LUH,,,
"0","402",HTSC2,-106.1301306715,-105.9995039669,40.0555785682,40.1772270274,CBRFC,"14010001",gjt,colkrem,HTSC2,f,COLORADO - HOT SULPHUR SPGS,,"2","0","2895","0","0","0","0",HTSC2LLF,HTSC2LUF,,,,
"0","403",HUNC2,-106.8096107482,-106.6054449603,39.1353145016,39.2313279269,CBRFC,"14010004",gjt,colpal,HUNC2,d,HUNTER CK - ASPEN- NR,,"2","0","3352","0","0","0","0",HUNC2HLF,HUNC2HUF,,,,
"0","404",HURU1,-113.5439012090,-113.0475208417,37.0319735840,37.5843985308,CBRFC,"15010008",slc,virgin,HURU1,f,VIRGIN - HURRICANE- NR,,"3","0","1676","2133","0","0","0",HURU1LLH,HURU1LMH,HURU1LUH,,,
"0","405",HWGA3,-112.7197899661,-112.3500445867,34.0197566332,34.4287345758,CBRFC,"15070103",fgz,hasscent,HWGA3,d,HASSAYAMPA - BOX CANYON,,"3","0","1082","1356","0","0","0",HWGA3LLH,HWGA3LMH,HWGA3LUH,,,
"0","406",IBSA3,-112.0461746390,-111.9456118935,33.5427319151,33.6625467388,CBRFC,"15060106",slc,salt,IBSA3,d,INDIAN BEND WASH @ SHEA BLVD,,"1","0","0","0","0","0","0",IBSA3HLH,,,,,
"0","407",IBWA3,-111.9973204611,-111.8578964801,33.5150697847,33.6435469081,CBRFC,"15060106",slc,salt,IBWA3,d,INDIAN BEND WASH - INDIAN BEND RD,,"2","0","450","0","0","0","0",IBWA3LLH,IBWA3LUH,,,,
"0","408",IBZA3,-112.0311581827,-111.6847658181,33.5029064571,33.8406762958,CBRFC,,slc,salt,IBZA3,,,,"1","0","0","0","0","0","0",IBZA3XLH,,,,,
"0","409",IDXA3,-111.9594676575,-111.8727990119,33.4398642674,33.5755796112,CBRFC,"15060106",slc,salt,IDXA3,d,INDIAN BEND WASH - CURRY RD,,"1","0","0","0","0","0","0",IDXA3LLH,,,,,
"0","416",JESU1,-109.4478698947,-108.2884132070,40.3091711808,41.3273540719,CBRFC,"14060001",slc,green,JESU1,f,GREEN - JENSEN- NR,,"2","0","2286","0","0","0","0",JESU1LLF,JESU1LUF,,,,
"0","419",JORU1,-111.9493792135,-111.7698688385,40.7067820370,40.8088994045,CBRFC,"16020204",slc,saltlake,JORU1,f,JORDAN - 500 NORTH,,"2","0","1524","0","0","0","0",JORU1LLF,JORU1LUF,,,,
"0","420",JOVU1,-111.4525361840,-111.2097458367,39.2008389692,39.4967355078,CBRFC,"14060009",slc,sanrafdd,JOVU1,d,SEELEY CK - JOES VLY RES- ORANGEVILLE- NR,,"3","0","2590","3048","0","0","0",JOVU1HLF,JOVU1HMF,JOVU1HUF,,,
"0","421",JRRU1,-111.4869548790,-111.3296820320,40.5711473958,40.6905820129,CBRFC,"16020203",slc,provo,JRRU1,d,JORDANELLE DAM,,"1","0","0","0","0","0","0",JRRU1RLF,,,,,
"0","423",JRSU1,-112.1876459480,-111.7980020352,40.4991786855,40.7413364923,CBRFC,"16020204",slc,saltlake,JRSU1,f,JORDAN - SALT LAKE CITY,,"3","0","1524","2133","0","0","0",JRSU1LLF,JRSU1LMF,JRSU1LUF,,,
"0","425",KCKU1,-112.6744560627,-112.3713733546,37.0957170360,37.5034032497,CBRFC,"15010003",fgz,billpar,KCKU1,d,KANAB CK - KANAB- NR,,"3","0","1828","2133","0","0","0",KCKU1HLH,KCKU1HMH,KCKU1HUH,,,
"0","427",KIDN2,-114.9921650207,-114.9146808159,35.9550158575,36.0993219782,CBRFC,"15010015",vef,mudlv,KIDN2,d,LAS VEGAS WASH - 3-KIDS WASH,,"2","0","638","0","0","0","0",KIDN2LLH,KIDN2LUH,,,,
"0","428",KRMC2,-106.5413264167,-105.9778873802,39.7817555811,40.3608813563,CBRFC,"14010001",gjt,colkrem,KRMC2,f,COLORADO - KREMMLING- NR,,"3","0","2438","2895","0","0","0",KRMC2LLF,KRMC2LMF,KRMC2LUF,,,
"0","430",LAAU1,-110.6563068627,-110.4363537375,40.5534057157,40.7801826222,CBRFC,"14060003",slc,duchpr,LAAU1,d,LAKE FORK - MOON LAKE RES- MTN HOME- NR,,"2","0","3352","0","0","0","0",LAAU1HLF,LAAU1HUF,,,,
"0","431",LABW4,-110.7355668213,-109.6160433639,42.1701766521,43.2236428500,CBRFC,"14040101",slc,green,LABW4,f,GREEN - LA BARGE- NR,,"3","0","2286","2590","0","0","0",LABW4LLF,LABW4LMF,LABW4LUF,,,
"0","434",LAMU1,-111.7080917363,-111.5926076643,40.6876457789,40.7748981892,CBRFC,"16020204",slc,sixcks,LAMU1,d,LAMBS CK,,"2","0","2286","0","0","0","0",LAMU1HLF,LAMU1HUF,,,,
"0","435",LBZA3,-109.5981418586,-109.2787525532,34.1425582649,34.6629174777,CBRFC,"15020002",fgz,litcol,LBZA3,d,LITTLE COLORADO - ZION RES- BLO,,"3","0","1828","2133","0","0","0",LBZA3LLH,LBZA3LMH,LBZA3LUH,,,
"0","436",LCCA3,-111.9121983023,-109.9130011145,34.8701345128,36.6297420101,CBRFC,"15020016",fgz,litcol,LCCA3,d,LITTLE COLORADO - CAMERON- NR,,"3","0","1524","1828","0","0","0",LCCA3LLH,LCCA3LMH,LCCA3LUH,,,
"0","444",LCCC2,-108.4683952386,-108.1265662959,37.4199224871,37.5626072048,CBRFC,"14030002",gjt,dol,LCCC2,d,LOST CANYON CK - DOLORES- NR,,"2","0","2590","0","0","0","0",LCCC2HLF,LCCC2HUF,,,,
"0","445",LCJA3,-110.4142155382,-109.2076962107,34.6367074452,35.6902356688,CBRFC,"15020008",fgz,litcol,LCJA3,f,LITTLE COLORADO - JOSEPH CITY- NR,,"1","0","0","0","0","0","0",LCJA3RLH,,,,,
"0","446",LCJU1,-111.9073272776,-111.7911858755,40.5843608676,40.6681375891,CBRFC,"16020204",slc,sixcks,LCJU1,f,LITTLE COTTONWOOD CK - JORDAN RIVER,,"1","0","0","0","0","0","0",LCJU1LLF,,,,,
"0","448",LCLA3,-109.5840844608,-108.9486743327,33.8754797483,34.3364740196,CBRFC,"15020001",fgz,litcol,LCLA3,d,LITTLE COLORADO - LYMAN LK- ABV- ST. JOHNS- NR,,"3","0","2133","2590","0","0","0",LCLA3HLH,LCLA3HMH,LCLA3HUH,,,
"0","449",LCOA3,-110.5955217436,-109.1679153193,34.9948327243,35.9149973558,CBRFC,"15020011",fgz,litcol,LCOA3,d,COTTONWOOD WASH - WINSLOW,,"3","0","1828","2133","0","0","0",LCOA3HLH,LCOA3HMH,LCOA3HUH,,,
"0","460",LCTU1,-111.8001805846,-111.5984801905,40.5249650230,40.6015569607,CBRFC,"16020204",slc,sixcks,LCTU1,f,LITTLE COTTONWOOD CK - SALT LAKE CITY- NR,,"3","0","2590","2956","0","0","0",LCTU1HLF,LCTU1HMF,LCTU1HUF,,,
"0","461",LCWA3,-111.3635744674,-110.1971199794,34.2885511923,35.0741303456,CBRFC,"15020008",fgz,litcol,LCWA3,f,LITTLE COLORADO - WINSLOW- NR,,"3","0","1828","2133","0","0","0",LCWA3LLH,LCWA3LMH,LCWA3LUH,,,
"0","464",LCWU1,-111.8436235503,-111.7208138978,40.5760007145,40.6154111367,CBRFC,"16020204",slc,sixcks,LCWU1,f,LITTLE COTTONWOOD CK - CRESTWOOD PARK,,"2","0","2133","0","0","0","0",LCWU1LLF,LCWU1LUF,,,,
"0","465",LCZA3,-109.4619395948,-109.0057436494,34.1676580221,34.5950396692,CBRFC,"15020002",fgz,litcol,LCZA3,d,LITTLE COLORADO - ZION RES- ABV- ST. JOHNS- NR,,"3","0","1828","2133","0","0","0",LCZA3LLH,LCZA3LMH,LCZA3LUH,,,
"0","466",LEMC2,-107.7275764637,-107.5572372478,37.3799754923,37.5917954548,CBRFC,"14080104",gjt,sanjuan,LEMC2,d,FLORIDA - LEMON RES- DURANGO- NR,,"3","0","2895","3352","0","0","0",LEMC2HLF,LEMC2HMF,LEMC2HUF,,,
"0","469",LESA3,-109.5359038006,-109.3444149530,31.5467557030,31.7028035011,CBRFC,"15080301",gjt,whvam,LESA3,d,LESLIE CK - MCNEAL- NR,,"2","0","1615","0","0","0","0",LESA3HLH,LESA3HUH,,,,
"0","470",LFBC2,-107.5388858055,-107.2149390455,37.8355532903,38.0088603597,CBRFC,"14020002",gjt,gun,LFBC2,f,LAKE FORK - BLO LAKE SAN CRISTOBAL,,"2","0","3352","0","0","0","0",LFBC2HLF,LFBC2HUF,,,,
"0","471",LFGC2,-107.5908835904,-107.1793671264,37.9470212728,38.3041659151,CBRFC,"14020002",gjt,gun,LFGC2,d,LAKE FORK - GATEVIEW,,"3","0","2895","3352","0","0","0",LFGC2LLF,LFGC2LMF,LFGC2LUF,,,
"0","472",LGNU1,-111.7836017497,-111.4711549929,41.7097623157,42.0940867643,CBRFC,"16010203",slc,bear,LGNU1,f,LOGAN - LOGAN- NR- STATE DAM- ABV,,"3","0","2133","2590","0","0","0",LGNU1HLF,LGNU1HMF,LGNU1HUF,,,
"0","473",LHBA3,-110.3155314137,-109.1903405009,34.6163549628,35.3100565547,CBRFC,"15020008",fgz,litcol,LHBA3,d,LITTLE COLORADO - HOLBROOK,,"2","0","1828","0","0","0","0",LHBA3LLH,LHBA3LUH,,,,
"0","474",LILC2,-108.6278207648,-107.3007773398,40.5115997639,41.6417978982,CBRFC,"14050003",gjt,whyam,LILC2,d,LITTLE SNAKE - LILY- NR,,"3","0","2286","2590","0","0","0",LILC2LLF,LILC2LMF,LILC2LUF,,,
"0","480",LKHC1,-115.3289149966,-113.8324743406,34.2320064076,35.5810143341,CBRFC,"15030101",vef,havasu,LKHC1,d,LAKE HAVASU - PARKER- NR,,"3","0","457","762","0","0","0",LKHC1LLH,LKHC1LMH,LKHC1LUH,,,
"0","481",LKPA3,-112.5567350950,-112.1197150311,33.8373719861,34.2049626936,CBRFC,"15070102",slc,aguafria,LKPA3,d,AGUA FRIA - LAKE PLEASANT- WADDELL DAM- AT,,"2","0","1219","0","0","0","0",LKPA3LLH,LKPA3LUH,,,,
"0","482",LKSA3,-115.0071196687,-113.1187043554,35.1090798224,36.8828725572,CBRFC,"15010005",vef,havasu,LKSA3,d,LAKE MEAD,,"3","0","762","1219","0","0","0",LKSA3LLH,LKSA3LMH,LKSA3LUH,,,
"0","486",LNAC2,-106.8153650508,-106.7316987957,37.0725019402,37.1467128859,CBRFC,"14080101",gjt,sanjuan,LNAC2,d,LITTLE NAVAJO - OSO DIV DAM-BL-CHROMO-NR,,"2","0","2895","0","0","0","0",LNAC2HLF,LNAC2HUF,,,,
"0","487",LOSC2,-107.7321581981,-107.4180874114,37.0151068243,37.4533652208,CBRFC,"14080101",gjt,sanjuan,LOSC2,d,LOS PINOS - LA BOCA,,"3","0","2133","2438","0","0","0",LOSC2LLF,LOSC2LMF,LOSC2LUF,,,
"0","488",LPDA3,-110.2043448101,-109.9385739131,34.1415106555,34.3518407713,CBRFC,"15020005",fgz,litcol,LPDA3,d,LONE PINE DAM,,"1","0","0","0","0","0","0",LPDA3LLH,,,,,
"0","489",LPFN5,-108.3811273656,-107.9586304467,36.7367936626,37.1762681336,CBRFC,"14080105",gjt,sanjuan,LPFN5,d,LA PLATA - FARMINGTON- NR,,"2","0","1828","0","0","0","0",LPFN5LLF,LPFN5LUF,,,,
"0","490",LPHC2,-108.1076982941,-108.0046341162,37.2883988703,37.4604867419,CBRFC,"14080105",gjt,sanjuan,LPHC2,d,LA PLATA - HESPERUS,,"3","0","2895","3352","0","0","0",LPHC2HLF,LPHC2HMF,LPHC2HUF,,,
"0","491",LPSC2,-108.3278138575,-107.9909205984,36.9992832105,37.3817766934,CBRFC,"14080105",gjt,sanjuan,LPSC2,f,LA PLATA - CO/NM STATE LINE,,"3","0","2133","2438","0","0","0",LPSC2LLF,LPSC2LMF,LPSC2LUF,,,
"0","493",LSDW4,-107.4992198569,-106.9748626199,40.8712288060,41.4039732638,CBRFC,"14050003",gjt,whyam,LSDW4,f,LITTLE SNAKE - DIXON- NR,,"3","0","2286","2590","0","0","0",LSDW4LLF,LSDW4LMF,LSDW4LUF,,,
"0","498",LSRC2,-107.1834367275,-106.8012112427,40.8135807774,41.1174675073,CBRFC,"14050003",gjt,whyam,LSRC2,d,LITTLE SNAKE - SLATER- NR,,"2","0","2590","0","0","0","0",LSRC2HLF,LSRC2HUF,,,,
"0","499",LTAW4,-110.9253097224,-109.6211193000,40.8616091307,42.0628844681,CBRFC,"14040107",slc,green,LTAW4,f,BLACKS FORK - LITTLE AMERICA- NR,,"3","2133","2286","2590","0","0","0",LTAW4LLF,LTAW4LMF,LTAW4LUF,,,
"0","504",LVCN2,-115.2601594892,-115.1003970652,36.2366559313,36.3355145043,CBRFC,"15010015",vef,mudlv,LVCN2,d,LAS VEGAS WASH - CRAIG RD,,"1","0","0","0","0","0","0",LVCN2HLH,,,,,
"0","506",LVPN2,-115.0935048817,-114.9656825750,35.9878857333,36.1461275291,CBRFC,"15010015",vef,mudlv,LVPN2,d,LAS VEGAS WASH - PABCO RD- HENDERSON-NR,,"2","0","488","0","0","0","0",LVPN2LLH,LVPN2LUH,,,,
"0","507",LWCN2,-115.0830786429,-114.9963809286,36.1312957631,36.1728948238,CBRFC,"15010015",vef,mudlv,LWCN2,d,LAS VEGAS WASH - FLAMINGO WASH- BLO,,"1","0","0","0","0","0","0",LWCN2LLH,,,,,
"0","508",LYMA3,-109.4042383480,-109.1222693768,34.2424269321,34.3855460096,CBRFC,"15020002",fgz,litcol,LYMA3,d,LITTLE COLORADO - LYMAN LAKE- ST. JOHNS- NR,,"1","0","0","0","0","0","0",LYMA3RLH,,,,,
"0","509",LZRC2,-107.8338059117,-107.3844674673,38.6997068026,39.0889849026,CBRFC,"14020004",gjt,gun,LZRC2,f,NORTH FORK GUNNISON - ABV MOUTH NR LAZEAR,,"3","0","2438","2895","0","0","0",LZRC2LLF,LZRC2LMF,LZRC2LUF,,,
"0","510",MAAU1,-111.5849143418,-111.4425858063,39.2084173947,39.2964985857,CBRFC,"16030004",slc,sevier,MAAU1,d,MANTI CK - MANTI- NR- DUGWAY CK- BLO,,"2","0","2590","0","0","0","0",MAAU1HLH,MAAU1HUH,,,,
"0","511",MAFA3,-112.4461135231,-112.2444520523,33.6077083880,33.9369909487,CBRFC,"15070102",slc,aguafria,MAFA3,d,AGUA FRIA - GRAND AVE,,"2","0","609","0","0","0","0",MAFA3LLH,MAFA3LUH,,,,
"0","513",MAOA3,-112.0371020221,-111.9472067787,33.4894925848,33.5534555577,CBRFC,"15060106",slc,aguafria,MAOA3,d,ACDC - 14TH STREET,,"1","0","0","0","0","0","0",MAOA3HLH,,,,,
"0","514",MBLA3,-112.2531365701,-112.1802245915,33.6374156361,33.7513493572,CBRFC,"15070102",slc,aguafria,MBLA3,d,NEW - BELL ROAD,,"2","0","426","0","0","0","0",MBLA3LLH,MBLA3LUH,,,,
"0","515",MBLC2,-108.1102856997,-107.5276284701,40.1098110613,40.7710145594,CBRFC,"14050002",gjt,whyam,MBLC2,f,YAMPA - MAYBELL- NR,,"3","0","2286","2590","0","0","0",MBLC2LLF,MBLC2LMF,MBLC2LUF,,,
"0","518",MCAU1,-111.2227661070,-111.1199148395,39.5959045856,39.7216386002,CBRFC,"14060007",slc,duchpr,MCAU1,d,MUD CK - SCOFIELD- WINTER QUARTERS- BLO,,"2","0","2590","0","0","0","0",MCAU1HLF,MCAU1HUF,,,,
"0","519",MCCN5,-108.6869745362,-108.4299941629,33.1579927317,33.3066649654,CBRFC,"15040001",slc,upgila,MCCN5,d,MOGOLLON CK - CLIFF- NR,,"3","0","2133","2590","0","0","0",MCCN5HLH,MCCN5HMH,MCCN5HUH,,,
"0","520",MCEC2,-109.0157177607,-108.3867042858,37.2422642153,37.5513124484,CBRFC,"14080202",gjt,sanjuan,MCEC2,d,MCELMO CK - CO-UT BORDER- NR,,"2","0","2133","0","0","0","0",MCEC2HLF,MCEC2HUF,,,,
"0","523",MCJU1,-111.9157924865,-111.7598808672,40.6744245876,40.7227469568,CBRFC,"16020204",slc,sixcks,MCJU1,d,MILL CK - 460 WEST,,"1","0","0","0","0","0","0",MCJU1LLF,,,,,
"0","524",MCLU1,-111.5587536628,-111.4985853995,40.6094291615,40.6878743066,CBRFC,"16020102",slc,weber,MCLU1,f,MCLEOD CK - PARK CITY- NR,,"2","0","2438","0","0","0","0",MCLU1HLF,MCLU1HUF,,,,
"0","525",MCMA3,-112.6434293758,-112.3306997886,33.5671065802,33.9997577827,CBRFC,"15070102",slc,aguafria,MCMA3,d,MCMICKEN DAM NORTH,,"2","0","533","0","0","0","0",MCMA3HLH,MCMA3HUH,,,,
"0","526",MCVA3,-112.1167479486,-111.9947834756,33.5837161484,33.7223692761,CBRFC,"15060106",slc,aguafria,MCVA3,d,CAVE CK - CACTUS ROAD,,"2","0","457","0","0","0","0",MCVA3LLH,MCVA3LUH,,,,
"0","527",MCWW4,-110.6781870297,-110.5499102951,40.9391839517,41.0283822815,CBRFC,"14040107",slc,green,MCWW4,d,BLACKS FORK - MEEKS CABIN DAM,,"1","0","0","0","0","0","0",MCWW4RLF,,,,,
"0","528",MCZA3,-112.0100412740,-111.8285196978,33.7849764198,33.9250583900,CBRFC,"15060106",slc,aguafria,MCZA3,d,CAVE CK - CAVE CREEK RD- NR,,"2","0","762","0","0","0","0",MCZA3LLH,MCZA3LUH,,,,
"0","529",MDCU1,-111.5163886249,-111.2093439292,38.9485868506,39.1270454153,CBRFC,"14070002",slc,sanrafdd,MDCU1,d,MUDDY CK - EMERY- NR,,"3","0","2590","3048","0","0","0",MDCU1HLF,MDCU1HMF,MDCU1HUF,,,
"0","530",MDEA3,-112.4754753285,-112.3162705639,33.5121567087,33.6842485696,CBRFC,"15070102",slc,aguafria,MDEA3,d,DYSART - EL MIRAGE,,"2","0","362","0","0","0","0",MDEA3HLH,MDEA3HUH,,,,
"0","531",MEXC1,-115.3359660600,-113.4050531660,32.3456647102,34.3458769551,CBRFC,,vef,havasu,MEXC1,,,,"1","0","0","0","0","0","0",MEXC1XLH,,,,,
"0","534",MHFA3,-112.1556339137,-112.0085522102,33.5299208918,33.6222970730,CBRFC,"15060106",slc,aguafria,MHFA3,d,ACDC - 43RD AVENUE,,"1","0","0","0","0","0","0",MHFA3LLH,,,,,
"0","535",MHUA3,-112.8756930424,-112.5459215236,33.8919551222,34.0804589454,CBRFC,"15070103",fgz,hasscent,MHUA3,d,HASSAYAMPA - US-60,,"1","0","0","0","0","0","0",MHUA3LLH,,,,,
"0","536",MIFU1,-111.3116687360,-111.2372452798,39.4935381988,39.5487083790,CBRFC,"14060009",slc,sanrafdd,MIFU1,d,MILLER FLAT RESERVOIR,,"1","0","0","0","0","0","0",MIFU1HLF,,,,,
"0","537",MILU1,-111.7828783457,-111.5997386324,40.6585174389,40.7199027768,CBRFC,"16020204",slc,sixcks,MILU1,f,MILL CK - SALT LAKE CITY- NR,,"3","0","2133","2590","0","0","0",MILU1HLF,MILU1HMF,MILU1HUF,,,
"0","538",MLSU1,-111.2909517181,-111.1799300630,39.0379790494,39.1325977519,CBRFC,"14060009",slc,sanrafdd,MLSU1,d,MILLSITE DAM,,"1","0","0","0","0","0","0",MLSU1RLF,,,,,
"0","539",MNRA3,-112.3045138311,-112.0555757705,33.5365232376,33.7451344640,CBRFC,"15070102",slc,aguafria,MNRA3,d,NEW - GLENDALE AVE,,"2","0","365","0","0","0","0",MNRA3LLH,MNRA3LUH,,,,
"0","540",MNRC2,-108.2662141809,-108.0733011773,37.3363374957,37.4973598653,CBRFC,"14080107",gjt,sanjuan,MNRC2,f,MANCOS - MANCOS- NR,,"3","0","2590","3200","0","0","0",MNRC2HLF,MNRC2HMF,MNRC2HUF,,,
"0","542",MOAN2,-115.3509652458,-114.5412138163,36.5728715855,37.4765586529,CBRFC,"15010012",vef,mudlv,MOAN2,d,MUDDY - MOAPA- NR,,"3","0","762","1219","0","0","0",MOAN2HLH,MOAN2HMH,MOAN2HUH,,,
"0","543",MOEA3,-111.2171071579,-110.1983046225,35.8954818483,36.7999745482,CBRFC,"15020018",fgz,litcol,MOEA3,d,MOENKOPI WASH - MOENKOPI- AT,,"3","0","1828","2133","0","0","0",MOEA3HLH,MOEA3HMH,MOEA3HUH,,,
"0","548",MOHA3,-114.9108477297,-114.4012393188,35.1952481248,36.0434119597,CBRFC,"15030101",vef,havasu,MOHA3,d,LAKE MOHAVE - DAVIS DAM,,"3","0","457","762","0","0","0",MOHA3LLH,MOHA3LMH,MOHA3LUH,,,
"0","549",MPHC2,-108.6089711657,-108.2593700975,37.4402287821,37.8155495894,CBRFC,"14030002",gjt,dol,MPHC2,d,DOLORES - MCPHEE RES,,"2","0","2590","0","0","0","0",MPHC2LLF,MPHC2LUF,,,,
"0","554",MPSC2,-107.5429387561,-107.3027232619,38.0710224930,38.7112920206,CBRFC,"14020002",gjt,gun,MPSC2,d,GUNNISON - MORROW POINT RES,,"3","0","2895","3352","0","0","0",MPSC2LLF,MPSC2LMF,MPSC2LUF,,,
"0","555",MRTC2,-108.7532432979,-108.1455215018,36.9897124160,37.4991560569,CBRFC,"14080107",gjt,sanjuan,MRTC2,d,MANCOS - TOWAOC- NR,,"2","0","2133","0","0","0","0",MRTC2LLF,MRTC2LUF,,,,
"0","556",MSAA3,-112.1253694176,-111.7686478725,32.6170423854,32.8781124177,CBRFC,"15050306",twc,santacrz,MSAA3,d,SANTA ROSA WASH - SR-84,,"2","0","478","0","0","0","0",MSAA3LLH,MSAA3LUH,,,,
"0","561",MSXA3,-112.2197833302,-112.0544098453,33.5843060902,33.7104067116,CBRFC,"15070102",slc,aguafria,MSXA3,d,ACDC - 67TH AVE,,"2","0","411","0","0","0","0",MSXA3LLH,MSXA3LUH,,,,
"0","562",MUDN2,-114.8894920645,-114.4339236550,36.2865947841,36.9646009603,CBRFC,"15010012",vef,mudlv,MUDN2,f,MUDDY - GLENDALE- NR,,"3","0","609","914","0","0","0",MUDN2LLH,MUDN2LMH,MUDN2LUH,,,
"0","563",MVDN2,-114.2376341247,-114.0843657568,37.4121995043,37.5028609761,CBRFC,"15010013",vef,mudlv,MVDN2,d,MATHEW VLY DAM-CALIENTE 20SE,,"2","0","1828","0","0","0","0",MVDN2HLH,MVDN2HUH,,,,
"0","564",MVEN2,-114.3711045234,-114.0431598373,37.9915497343,38.3832638107,CBRFC,"15010013",vef,mudlv,MVEN2,d,MEADOW VALLEY WASH - EAGLE CANYON,,"2","0","2133","0","0","0","0",MVEN2HLH,MVEN2HUH,,,,
"0","565",MVRN2,-114.8109418249,-114.2658677843,36.8327330924,37.5816550278,CBRFC,"15010013",vef,mudlv,MVRN2,d,MEADOW VALLEY WASH - ROX- NR,,"3","0","1066","1524","0","0","0",MVRN2LLH,MVRN2LMH,MVRN2LUH,,,
"0","566",MVYN2,-114.7193481398,-114.0366901990,37.3893097389,38.2981440596,CBRFC,"15010013",vef,mudlv,MVYN2,d,MEADOW VALLEY WASH - CALIENTE- NR,,"3","0","1706","1889","0","0","0",MVYN2LLH,MVYN2LMH,MVYN2LUH,,,
"0","567",MYRU1,-110.7521953955,-110.0625762806,39.8674799938,40.5833116653,CBRFC,"14060003",slc,duchpr,MYRU1,f,DUCHESNE - MYTON,,"3","0","2133","2590","0","0","0",MYRU1LLF,MYRU1LMF,MYRU1LUF,,,
"0","568",NAVC2,-106.7513491856,-106.5881091503,36.9850195607,37.2571207635,CBRFC,"14080101",gjt,sanjuan,NAVC2,d,NAVAJO - CHROMO- NR- OSO DIV DAM- BLO,,"3","0","2895","3352","0","0","0",NAVC2HLF,NAVC2HMF,NAVC2HUF,,,
"0","569",NEUU1,-110.3798785569,-110.0911359376,40.5803336870,40.8353259438,CBRFC,"14060003",slc,duchpr,NEUU1,f,UINTA - NEOLA- NR,,"2","0","3352","0","0","0","0",NEUU1HLF,NEUU1HUF,,,,
"0","571",NFVU1,-113.0809561247,-112.7094934090,37.1866517132,37.5972595609,CBRFC,"15010008",slc,virgin,NFVU1,f,NORTH FORK VIRGIN - SPRINGDALE- NR,,"3","0","2133","2590","0","0","0",NFVU1HLH,NFVU1HMH,NFVU1HUH,,,
"0","573",NRDA3,-112.2551113453,-112.0860888591,33.7336457081,33.9854884409,CBRFC,"15070102",slc,aguafria,NRDA3,d,NEW RIVER DAM,,"2","0","579","0","0","0","0",NRDA3LLH,NRDA3LUH,,,,
"0","574",NVRN5,-107.6666952392,-106.9271978208,36.6475596495,37.1997345711,CBRFC,"14080101",gjt,sanjuan,NVRN5,d,SAN JUAN - NAVAJO RES- ARCHULETA- NR,,"2","0","2133","0","0","0","0",NVRN5LLF,NVRN5LUF,,,,
"0","575",NWRA3,-112.0994358300,-111.8749586143,33.9349108811,34.0937799474,CBRFC,"15070102",slc,aguafria,NWRA3,d,NEW - ROCK SPGS- NR,,"2","0","1219","0","0","0","0",NWRA3HLH,NWRA3HUH,,,,
"0","576",OACA3,-111.9195081832,-111.7108639077,34.7640417643,35.0318378237,CBRFC,"15060202",fgz,verde,OACA3,d,OAK CK - CORNVILLE- NR,,"2","0","1676","0","0","0","0",OACA3LLH,OACA3LUH,,,,
"0","577",OAKA3,-111.9206495019,-111.5106851385,34.8550711917,35.1515541433,CBRFC,"15060202",fgz,verde,OAKA3,f,OAK CK - SEDONA,,"3","0","1981","2133","0","0","0",OAKA3HLH,OAKA3HMH,OAKA3HUH,,,
"0","579",OAWU1,-111.2600095275,-110.8896620972,40.6724287545,40.8481310934,CBRFC,"16020101",slc,weber,OAWU1,f,WEBER - OAKLEY- NR,,"3","0","2590","3048","0","0","0",OAWU1HLF,OAWU1HMF,OAWU1HUF,,,
"0","580",OCEU1,-112.0845933061,-111.7014124154,38.1505670611,38.7058128952,CBRFC,"16030002",slc,sevier,OCEU1,d,OTTER CK - OTTER CREEK RES- ANTIMONY- NR,,"3","0","2590","3048","0","0","0",OCEU1HLH,OCEU1HMH,OCEU1HUH,,,
"0","581",OGHU1,-111.7055249845,-111.5441430416,41.2240163579,41.4278410234,CBRFC,"16020102",slc,weber,OGHU1,f,SF OGDEN - HUNTSVILLE- NR,,"3","0","2133","2438","0","0","0",OGHU1LLF,OGHU1LMF,OGHU1LUF,,,
"0","583",OHOC2,-107.2075251298,-106.8853605988,38.5876445832,38.8385221542,CBRFC,"14020002",gjt,gun,OHOC2,d,OHIO CK - MOUTH- ABV,,"3","0","2895","3352","0","0","0",OHOC2HLF,OHOC2HMF,OHOC2HUF,,,
"0","584",ONRI1,-111.9789708765,-111.5508941518,42.2665579226,42.6671781618,CBRFC,"16010202",slc,bear,ONRI1,d,ONEIDA NARROWS RESERVOIR,,"3","0","1676","2133","0","0","0",ONRI1LLF,ONRI1LMF,ONRI1LUF,,,
"0","586",ORWA3,-110.8314352361,-109.8330499250,35.5795515414,36.4807962206,CBRFC,"15020012",fgz,litcol,ORWA3,d,ORAIBI WASH - TOLANI LAKE- NR- ORAIBI- N,,"3","0","1828","2133","0","0","0",ORWA3HLH,ORWA3HMH,ORWA3HUH,,,
"0","588",PCCC2,-108.2676091150,-107.5210147411,39.0295188586,39.3810363486,CBRFC,"14010005",gjt,colpal,PCCC2,f,PLATEAU CK - CAMEO- NR,,"3","2133","2590","3048","0","0","0",PCCC2LLF,PCCC2LMF,PCCC2LUF,,,
"0","590",PCON2,-114.3136007420,-114.1990613296,37.3520724919,37.4897722148,CBRFC,"15010013",vef,mudlv,PCON2,d,PINE CANYON DAM-CALIENTE 16SE,,"2","0","1828","0","0","0","0",PCON2HLH,PCON2HUH,,,,
"0","591",PIDC2,-107.4766318201,-106.9800820601,37.0859039642,37.6408721349,CBRFC,"14080102",gjt,sanjuan,PIDC2,d,PIEDRA - ARBOLES- NR,,"3","2133","2590","3200","0","0","0",PIDC2HLF,PIDC2HMF,PIDC2HUF,,,
"0","592",PINU1,-111.9759342894,-111.6066714856,41.1806036025,41.4335304098,CBRFC,"16020102",slc,weber,PINU1,d,OGDEN - PINEVIEW RES- OGDEN- NR,,"3","0","2133","2438","0","0","0",PINU1LLF,PINU1LMF,PINU1LUF,,,
"0","593",PIUU1,-112.3801686280,-112.0819702330,38.0589733614,38.3368247436,CBRFC,"16030001",slc,sevier,PIUU1,d,SEVIER - PIUTE RES- MARYSVILLE-NR,,"3","0","2133","2590","0","0","0",PIUU1LLH,PIUU1LMH,PIUU1LUH,,,
"0","594",PIXW4,-111.5143236327,-110.5983307080,41.2248710401,42.0622733599,CBRFC,"16010102",slc,bear,PIXW4,d,BEAR - PIXLEY DAM- BLO- COKEVILLE- NR,,"2","0","2194","0","0","0","0",PIXW4LLF,PIXW4LUF,,,,
"0","597",PLFA3,-112.3287301247,-111.5866924641,36.7158435429,37.7390515333,CBRFC,"14070007",fgz,billpar,PLFA3,d,PARIA - LEES FERRY,,"3","0","1676","2133","0","0","0",PLFA3HLH,PLFA3HMH,PLFA3HUH,,,
"0","600",PMUU1,-111.6658509229,-111.4381777776,40.2692105620,40.5473159489,CBRFC,"16020203",slc,provo,PMUU1,d,PROVO - PAST MURDOCK DAM,,"3","0","2133","2590","0","0","0",PMUU1LLF,PMUU1LMF,PMUU1LUF,,,
"0","601",PNLA3,-110.9612808887,-110.7350937744,33.2693402641,33.6003237062,CBRFC,"15060103",slc,salt,PNLA3,d,PINAL CK - INSPIRATION DAM- GLOBE- NR,,"2","0","1219","0","0","0","0",PNLA3HLH,PNLA3HUH,,,,
"0","602",PNRU1,-111.7585059872,-111.5006003753,41.4056824503,41.5432946895,CBRFC,"16010203",slc,bear,PNRU1,f,PORCUPINE RESERVOIR,,"2","0","2133","0","0","0","0",PNRU1HLF,PNRU1HUF,,,,
"0","603",PNTA3,-110.6791771738,-110.4068040251,31.8123020979,32.1194973007,CBRFC,"15050302",twc,santacrz,PNTA3,d,PANTANO WASH - VAIL- NR,,"2","0","1219","0","0","0","0",PNTA3LLH,PNTA3LUH,,,,
"0","605",POLA3,-110.5635161238,-109.8089018927,35.6284029883,36.3521446913,CBRFC,"15020013",fgz,litcol,POLA3,d,POLACCA WASH - SECOND MESA- NR,,"3","0","1828","2133","0","0","0",POLA3HLH,POLA3HMH,POLA3HUH,,,
"0","613",PORU1,-111.3093188906,-111.2544202825,39.5469018933,39.5713566594,CBRFC,"14060009",slc,sanrafdd,PORU1,d,ROLFSON RESERVOIR,,"1","0","0","0","0","0","0",PORU1HLF,,,,,
"0","614",PPPU1,-111.6991646934,-111.5406278187,40.2339971081,40.3340143155,CBRFC,"16020203",slc,provo,PPPU1,f,PROVO - PROVO,,"3","0","2133","2590","0","0","0",PPPU1LLF,PPPU1LMF,PPPU1LUF,,,
"0","615",PRHU1,-111.1239385258,-110.6826192719,39.6856250917,39.8972605994,CBRFC,"14060007",slc,duchpr,PRHU1,d,PRICE - HEINER- NR,,"2","0","2590","0","0","0","0",PRHU1LLF,PRHU1LUF,,,,
"0","617",PRKA3,-113.0359647477,-112.3783092096,32.5776892584,33.2888861499,CBRFC,"15070201",fgz,logila,PRKA3,d,GILA - PAINTED ROCK DAM,,"1","0","0","0","0","0","0",PRKA3RLH,,,,,
"0","618",PRLU1,-111.7996135102,-111.6947800028,40.7065322972,40.7606709171,CBRFC,"16020204",slc,sixcks,PRLU1,f,PARLEYS CK - SALT LAKE CITY- NR,,"2","0","2133","0","0","0","0",PRLU1LLF,PRLU1LUF,,,,
"0","619",PRSC2,-107.6920188427,-107.2355138326,38.9430069899,39.2572389399,CBRFC,"14020004",gjt,gun,PRSC2,d,MUDDY CK - PAONIA RES- BARDINE- NR,,"3","0","2438","2895","0","0","0",PRSC2HLF,PRSC2HMF,PRSC2HUF,,,
"0","621",PRZU1,-111.9371595441,-111.6673766020,41.3685304933,41.6050363541,CBRFC,"16010203",slc,bear,PRZU1,f,LITTLE BEAR - PARADISE,,"3","0","1676","2133","0","0","0",PRZU1LLF,PRZU1LMF,PRZU1LUF,,,
"0","622",PSBC2,-106.6079200300,-106.2920909246,39.6670655105,39.8249834879,CBRFC,"14010001",gjt,colpal,PSBC2,d,PINEY - STATE BRIDGE- NR,,"3","0","2895","3352","0","0","0",PSBC2HLF,PSBC2HMF,PSBC2HUF,,,
"0","623",PSPC2,-107.0832563974,-106.6417632532,37.2621097905,37.5707198362,CBRFC,"14080101",gjt,sanjuan,PSPC2,f,SAN JUAN - PAGOSA SPRINGS,,"3","0","2895","3352","0","0","0",PSPC2HLF,PSPC2HMF,PSPC2HUF,,,
"0","625",PUCA3,-109.5237570006,-108.1346872472,35.1158296364,36.0674248515,CBRFC,"15020007",fgz,litcol,PUCA3,f,PUERCO - CHAMBERS- NR,,"3","0","2133","2438","0","0","0",PUCA3HLH,PUCA3HMH,PUCA3HUH,,,
"0","627",PVHU1,-111.3919849404,-111.1551263207,40.4772697445,40.6310926337,CBRFC,"16020203",slc,provo,PVHU1,d,PROVO - HAILSTONE- NR,,"2","0","2286","0","0","0","0",PVHU1LLF,PVHU1LUF,,,,
"0","628",PWBA3,-110.8349584863,-110.6150887034,31.9740558817,32.2207311151,CBRFC,"15050302",twc,santacrz,PWBA3,d,PANTANO WASH - BROADWAY BLVD,,"3","0","914","1066","0","0","0",PWBA3LLH,PWBA3LMH,PWBA3LUH,,,
"0","629",RBCU1,-111.8129917470,-111.7415832416,40.7705026439,40.8243463893,CBRFC,"16020204",slc,sixcks,RBCU1,d,RED BUTTE CK - FT DOUGLAS- AT- SALT LAKE CITY- NR,,"1","0","0","0","0","0","0",RBCU1HLF,,,,,
"0","630",RBPC2,-106.8159100419,-106.6636332648,37.1397265090,37.3408523220,CBRFC,"14080101",gjt,sanjuan,RBPC2,d,RIO BLANCO - PAGOSA SPRINGS- NR- BLANCO DAM- BLO,,"3","0","2895","3352","0","0","0",RBPC2HLF,RBPC2HMF,RBPC2HUF,,,
"0","631",RBRU1,-111.8456106831,-111.8036000786,40.7469419444,40.7882816595,CBRFC,"16020204",slc,sixcks,RBRU1,f,RED BUTTE CK - 1600 E- NR- SALT LAKE CITY- NR,,"1","0","0","0","0","0","0",RBRU1LLF,,,,,
"0","632",RBSC2,-107.8272427964,-107.6673759858,38.1721809126,38.2385112056,CBRFC,"14020006",gjt,gun,RBSC2,d,UNCOMPAHGRE - RIDGWAY RES,,"1","0","0","0","0","0","0",RBSC2LLF,,,,,
"0","633",RCYA3,-109.4790144561,-109.2555312509,31.6772759227,31.8461562604,CBRFC,"15080301",gjt,whvam,RCYA3,d,WHITEWATER DRAW,,"3","0","1828","2133","0","0","0",RCYA3HLH,RCYA3HMH,RCYA3HUH,,,
"0","634",RCYC2,-107.3809122117,-106.9862820338,38.9850694130,39.2414535733,CBRFC,"14010004",gjt,colpal,RCYC2,f,CRYSTAL - REDSTONE- NR- AVALANCHE CK- ABV,,"3","0","2895","3352","0","0","0",RCYC2HLF,RCYC2HMF,RCYC2HUF,,,
"0","635",RERC2,-106.3998761422,-106.1488086254,39.3499921749,39.5096250188,CBRFC,"14010003",gjt,colpal,RERC2,d,EAGLE - REDCLIFF,,"2","0","3352","0","0","0","0",RERC2HLF,RERC2HUF,,,,
"0","636",RFRU1,-109.6734994761,-109.4520230658,40.5859785262,40.8155672911,CBRFC,"14060002",slc,duchpr,RFRU1,d,BIG BRUSH CK - RED FLEET RES- VERNAL- NR,,"2","0","2590","0","0","0","0",RFRU1HLF,RFRU1HUF,,,,
"0","637",RGRN5,-108.9572545478,-108.1624001823,32.5905437718,33.2720573151,CBRFC,"15040002",slc,upgila,RGRN5,f,GILA - REDROCK- NR,,"3","0","1524","1828","0","0","0",RGRN5LLH,RGRN5LMH,RGRN5LUH,,,
"0","638",RICA3,-111.0119800794,-110.8634275470,32.2208956283,32.3760127774,CBRFC,"15050302",twc,santacrz,RICA3,d,RILLITO CK - LA CHOLLA BLVD,,"1","0","0","0","0","0","0",RICA3LLH,,,,,
"0","639",RILA3,-110.9140495794,-110.8074962951,32.1429315943,32.3852106684,CBRFC,"15050302",twc,santacrz,RILA3,f,RILLITO CK - TUCSON- DODGE BLVD- AT,,"2","0","853","0","0","0","0",RILA3LLH,RILA3LUH,,,,
"0","640",RINA3,-110.6342085881,-110.5142452574,32.0707235582,32.2214706744,CBRFC,"15050302",twc,santacrz,RINA3,d,RINCON CK - TUCSON- NR,,"3","0","1524","2133","0","0","0",RINA3HLH,RINA3HMH,RINA3HUH,,,
"0","642",RKUU1,-111.4509647978,-111.0583674447,40.5870892309,40.8203871980,CBRFC,"16020101",slc,weber,RKUU1,d,WEBER - ROCKPORT RES- WANSHIP- NR,,"3","0","2133","2590","0","0","0",RKUU1LLF,RKUU1LMF,RKUU1LUF,,,
"0","643",ROKU1,-110.7135289677,-110.5634397962,40.4924004394,40.5962629198,CBRFC,"14060003",slc,duchpr,ROKU1,f,ROCK CK - MOUNTAIN HOME- NR,,"2","0","3200","0","0","0","0",ROKU1LLF,ROKU1LUF,,,,
"0","644",RRGC2,-107.9140374844,-107.6285168753,39.6136853494,39.8236287291,CBRFC,"14010005",gjt,colpal,RRGC2,d,RIFLE CK - RIFLE GAP RESERVOIR,,"2","0","2438","0","0","0","0",RRGC2HLF,RRGC2HUF,,,,
"0","645",RSFN5,-109.2223069687,-108.7263756669,33.7285869274,34.0277569310,CBRFC,"15040004",slc,upgila,RSFN5,f,SAN FRANCISCO - RESERVE- NR,,"2","0","2438","0","0","0","0",RSFN5HLH,RSFN5HUH,,,,
"0","646",RSVA3,-111.4526677161,-110.8718583149,33.3167458436,34.0948194896,CBRFC,"15060105",slc,salt,RSVA3,d,SALT - ROOSEVELT RESERVOIR- AT,,"3","0","914","1280","0","0","0",RSVA3LLH,RSVA3LMH,RSVA3LUH,,,
"0","648",RURC2,-106.8495537191,-106.5424919002,39.2817451873,39.4658458290,CBRFC,"14010004",gjt,colpal,RURC2,d,FRYING PAN - RUEDI RES- BASALT- NR,,"3","0","2895","3352","0","0","0",RURC2LLF,RURC2LMF,RURC2LUF,,,
"0","649",SAHN2,-115.2932893557,-115.0579172688,36.1151731597,36.2699154914,CBRFC,"15010015",vef,mudlv,SAHN2,d,LAS VEGAS WASH - SAHARA AVE,,"2","0","552","0","0","0","0",SAHN2LLH,SAHN2LUH,,,,
"0","650",SALU1,-111.7450269910,-111.6890686242,40.7226770625,40.7858702562,CBRFC,"16020204",slc,sixcks,SALU1,d,MOUNTAIN DELL DAM,,"1","0","0","0","0","0","0",SALU1LLF,,,,,
"0","652",SAPA3,-110.3950016409,-109.8619649643,31.2450275116,31.7151174752,CBRFC,"15050202",twc,sanpedro,SAPA3,f,SAN PEDRO - CHARLESTON,,"3","0","1341","1524","0","0","0",SAPA3LLH,SAPA3LMH,SAPA3LUH,,,
"0","654",SAYU1,-111.5875041893,-111.4407454450,38.9048362922,39.0786929622,CBRFC,"16030003",slc,sevier,SAYU1,d,SALINA CK - EMERY- NR,,"2","0","2590","0","0","0","0",SAYU1HLH,SAYU1HUH,,,,
"0","655",SBCA3,-110.8433213228,-110.7149424463,32.3164368985,32.4493937390,CBRFC,"15050302",twc,santacrz,SBCA3,d,SABINO CK - TUCSON- NR,,"3","0","1524","2133","0","0","0",SBCA3HLH,SBCA3HMH,SBCA3HUH,,,
"0","656",SCCA3,-111.2994958445,-110.7927934528,31.5037882775,31.9031740438,CBRFC,"15050301",twc,santacrz,SCCA3,f,SANTA CRUZ - CONTINENTAL,,"3","0","1066","1219","0","0","0",SCCA3LLH,SCCA3LMH,SCCA3LUH,,,
"0","657",SCCC2,-107.9237219491,-107.7702067143,38.9015500593,39.0798990057,CBRFC,"14020005",gjt,gun,SCCC2,f,SURFACE CK - CEDAREDGE,,"2","0","2895","0","0","0","0",SCCC2HLF,SCCC2HUF,,,,
"0","658",SCCN2,-115.0619072542,-114.9862429143,36.1595565593,36.2096404661,CBRFC,"15010015",vef,mudlv,SCCN2,d,SLOAN CHANNEL - CHARLESTON BLVD,,"1","0","0","0","0","0","0",SCCN2HLH,,,,,
"0","659",SCGU1,-113.9362873951,-113.3797961723,37.2784343775,37.5133151637,CBRFC,"15010008",slc,virgin,SCGU1,f,SANTA CLARA - GUNLOCK,,"3","0","1676","2133","0","0","0",SCGU1LLH,SCGU1LMH,SCGU1LUH,,,
"0","661",SCHC2,-106.9150211052,-106.7900425993,40.1803651373,40.3057718453,CBRFC,"14050001",gjt,whyam,SCHC2,d,YAMPA - STAGECOACH RES,,"1","0","0","0","0","0","0",SCHC2RLF,,,,,
"0","662",SCJU1,-111.5399424454,-111.4305882912,40.6008457818,40.7395446356,CBRFC,"16020101",slc,weber,SCJU1,f,SILVER CK - SLIVER CK JUNCTION- NR,,"3","0","2133","2438","0","0","0",SCJU1HLF,SCJU1HMF,SCJU1HUF,,,
"0","663",SCLA3,-110.7491247674,-110.4822484743,31.3551185840,31.5163821777,CBRFC,"15050301",twc,santacrz,SCLA3,d,SANTA CRUZ - LOCHIEL- NR,,"1","0","0","0","0","0","0",SCLA3HLH,,,,,
"0","664",SCNA3,-110.9249241959,-110.3449877052,31.0406241380,31.4784414697,CBRFC,"15050301",twc,santacrz,SCNA3,d,SANTA CRUZ - NOGALES- NR,,"2","0","1524","0","0","0","0",SCNA3LLH,SCNA3LUH,,,,
"0","666",SCPA3,-112.1347390143,-111.9751936696,33.7286115800,33.9670856134,CBRFC,"15070102",slc,aguafria,SCPA3,d,SKUNK CK - PHOENIX- NR,,"2","0","609","0","0","0","0",SCPA3HLH,SCPA3HUH,,,,
"0","667",SCSA3,-110.4704785111,-109.8001256740,34.2155856369,34.6861609055,CBRFC,"15020005",fgz,litcol,SCSA3,d,SILVER CK - SNOWFLAKE- NR,,"2","0","1828","0","0","0","0",SCSA3LLH,SCSA3LUH,,,,
"0","670",SCTA3,-111.3116214413,-111.0185491832,32.3291941991,32.5859032662,CBRFC,"15050303",twc,santacrz,SCTA3,f,SANTA CRUZ - TRICO RD- AT- MARANA- NR,,"3","0","670","853","0","0","0",SCTA3LLH,SCTA3LMH,SCTA3LUH,,,
"0","671",SEKU1,-112.7731526069,-112.1600023122,37.5902166223,38.2591762745,CBRFC,"16030001",slc,sevier,SEKU1,f,SEVIER - KINGSTON- NR,,"3","0","2133","2590","0","0","0",SEKU1LLH,SEKU1LMH,SEKU1LUH,,,
"0","673",SFCA3,-109.4067551123,-108.6627160545,32.9770446923,33.4017599345,CBRFC,"15040004",slc,upgila,SFCA3,f,SAN FRANCISCO - CLIFTON,,"3","0","1676","1981","0","0","0",SFCA3LLH,SFCA3LMH,SFCA3LUH,,,
"0","674",SFFA3,-112.1767353054,-111.8281311002,33.3348637871,33.5736704717,CBRFC,"15060106",slc,salt,SFFA3,f,SALT - 51ST AVE,,"2","0","350","0","0","0","0",SFFA3LLH,SFFA3LUH,,,,
"0","675",SFLC2,-107.7205783130,-107.3739020870,38.5878571356,38.7975254971,CBRFC,"14020002",gjt,gun,SFLC2,f,SMITH FK - NR LAZEAR,,"3","0","2438","2895","0","0","0",SFLC2LLF,SFLC2LMF,SFLC2LUF,,,
"0","676",SFRU1,-110.8144455851,-110.7063164172,40.5167926637,40.5928834282,CBRFC,"14060003",slc,duchpr,SFRU1,d,SOUTH FORK ROCK CK - DOCS DIV- BLO,,"2","0","3200","0","0","0","0",SFRU1HLF,SFRU1HUF,,,,
"0","677",SFSU1,-111.3113714450,-111.0922135976,39.6844023928,39.8960196636,CBRFC,"14060007",slc,duchpr,SFSU1,d,PRICE - SCOFIELD RES- SCOFIELD- NR,,"2","0","2590","0","0","0","0",SFSU1LLF,SFSU1LUF,,,,
"0","678",SGDU1,-112.4124495372,-111.8569080623,38.2487097042,38.9612185911,CBRFC,"16030003",slc,sevier,SGDU1,f,SEVIER - SIGURD- NR,,"3","0","2133","2590","0","0","0",SGDU1LLH,SGDU1LMH,SGDU1LUH,,,
"0","681",SHRN5,-109.0854295268,-107.3498237812,35.5578297432,36.9986601519,CBRFC,"14080105",gjt,sanjuan,SHRN5,f,SAN JUAN - SHIPROCK,,"3","0","1828","2133","0","0","0",SHRN5LLF,SHRN5LMF,SHRN5LUF,,,
"0","686",SJAC2,-107.5804928656,-107.4471071712,38.0534763931,38.2348932976,CBRFC,"14020002",gjt,gun,SJAC2,d,CIMARRON - SILVER JACK RES- CIMARRON- NR,,"2","0","3352","0","0","0","0",SJAC2HLF,SJAC2HUF,,,,
"0","687",SJCC2,-107.3208262136,-106.7000249143,36.7819427202,37.3818982491,CBRFC,"14080101",gjt,sanjuan,SJCC2,d,SAN JUAN - CARRACAS- NR,,"3","0","2286","2438","0","0","0",SJCC2LLF,SJCC2LMF,SJCC2LUF,,,
"0","688",SJFC2,-109.2949689136,-108.3768174420,36.4413923159,37.2843265977,CBRFC,"14080201",gjt,sanjuan,SJFC2,d,SAN JUAN - FOUR CORNERS,,"3","0","1828","2133","0","0","0",SJFC2LLF,SJFC2LMF,SJFC2LUF,,,
"0","690",SKEC2,-105.9547502870,-105.7759951348,39.5188017679,39.6732615067,CBRFC,"14010002",gjt,colkrem,SKEC2,f,SNAKE - MONTEZUMA- NR,,"2","0","3505","0","0","0","0",SKEC2HLF,SKEC2HUF,,,,
"0","691",SLAC2,-106.0417890932,-105.9195538465,39.6334359104,39.6989739846,CBRFC,"14010002",gjt,colkrem,SLAC2,f,STRAIGHT CK - LASKEY GULCH- BLO,,"2","0","3352","0","0","0","0",SLAC2HLF,SLAC2HUF,,,,
"0","692",SLCA3,-110.5601789101,-109.9326886071,33.5737596653,34.0753342148,CBRFC,"15060103",slc,salt,SLCA3,f,SALT - CHRYSOTILE- NR,,"2","0","1676","0","0","0","0",SLCA3LLH,SLCA3LUH,,,,
"0","697",SLFC2,-107.4539004347,-107.0647263173,40.7628973642,40.9903473761,CBRFC,"14050003",gjt,whyam,SLFC2,d,SLATER FORK - SLATER- NR,,"2","0","2590","0","0","0","0",SLFC2HLF,SLFC2HUF,,,,
"0","698",SLLA3,-109.9996299705,-109.7176455943,34.0982468607,34.2087975048,CBRFC,"15020005",fgz,litcol,SLLA3,d,SHOW LOW CK - LAKESIDE- NR,,"2","0","2133","0","0","0","0",SLLA3HLH,SLLA3HUH,,,,
"0","701",SLPA3,-111.9629697231,-111.6399332763,33.4004754179,33.5281288844,CBRFC,"15060106",slc,salt,SLPA3,f,SALT - PRIEST DRIVE,,"2","0","396","0","0","0","0",SLPA3LLH,SLPA3LUH,,,,
"0","703",SLRA3,-110.9421369204,-110.4647097125,33.5552898517,34.3395563155,CBRFC,"15060103",slc,salt,SLRA3,f,SALT - ROOSEVELT- NR,,"3","0","1219","1676","0","0","0",SLRA3LLH,SLRA3LMH,SLRA3LUH,,,
"0","704",SLRW4,-110.5036838846,-110.3686276382,40.7718904441,41.0542136537,CBRFC,"14040107",slc,green,SLRW4,d,EF SMITHS FORK - STATELINE RES- ROBERTSON-NR,,"2","0","3048","0","0","0","0",SLRW4HLF,SLRW4HUF,,,,
"0","705",SLVA3,-112.3967691215,-111.0225625157,31.9744023506,33.2326494214,CBRFC,"15050303",twc,santacrz,SLVA3,d,SANTA CRUZ - LAVEEN- NR,,"3","0","457","579","0","0","0",SLVA3LLH,SLVA3LMH,SLVA3LUH,,,
"0","708",SLVN2,-115.5428424449,-114.9846174484,35.8268918400,36.2883219454,CBRFC,,vef,mudlv,SLVN2,,,,"0","0","0","0","0","0","0",,,,,,
"0","710",SMBA3,-113.3891556316,-112.5508691641,34.2103798868,34.8276171431,CBRFC,"15030203",fgz,billpar,SMBA3,d,SANTA MARIA - BAGDAD- NR,,"3","0","1219","1524","0","0","0",SMBA3HLH,SMBA3HMH,SMBA3HUH,,,
"0","712",SMPC2,-108.1473766170,-107.7326290327,37.7733385127,38.1458244034,CBRFC,"14030003",gjt,dol,SMPC2,f,SAN MIGUEL - PLACERVILLE- NR,,"3","0","2895","3352","0","0","0",SMPC2HLF,SMPC2HMF,SMPC2HUF,,,
"0","713",SMRC2,-105.9389080861,-105.6478700430,40.1613215614,40.3725070734,CBRFC,"14010001",bou,colkrem,SMRC2,f,COLORADO - SHADOW MTN RES NR GRAND LK,,"3","0","2895","3352","0","0","0",SMRC2LLF,SMRC2LMF,SMRC2LUF,,,
"0","714",SMUC2,-108.7804370924,-108.2035773136,37.8687626980,38.4942370487,CBRFC,"14030003",gjt,dol,SMUC2,d,SAN MIGUEL - URAVAN,,"3","0","2133","2743","0","0","0",SMUC2LLF,SMUC2LMF,SMUC2LUF,,,
"0","716",SNCA3,-110.8005724046,-109.8080316188,33.1840835508,33.6969978946,CBRFC,"15040007",slc,upgila,SNCA3,f,SAN CARLOS - PERIDOT- NR,,"3","0","1234","1524","0","0","0",SNCA3HLH,SNCA3HMH,SNCA3HUH,,,
"0","718",SNMC2,-108.5026761555,-107.9325046316,37.8227132344,38.3682792917,CBRFC,"14030003",gjt,dol,SNMC2,d,SAN MIGUEL - BROOKS BRIDGE- NUCLA- NR,,"3","0","2438","2895","0","0","0",SNMC2LLF,SNMC2LMF,SNMC2LUF,,,
"0","720",SOMC2,-107.4538316471,-107.3336773979,38.8166533515,38.9976020738,CBRFC,"14020004",gjt,gun,SOMC2,f,NF GUNNISON - SOMERSET- NR,,"2","0","2438","0","0","0","0",SOMC2LLF,SOMC2LUF,,,,
"0","721",SPAA3,-110.9506270935,-110.3202431410,32.4132059074,32.9044280010,CBRFC,"15050203",twc,sanpedro,SPAA3,d,SAN PEDRO - BLO ARAVAIPA CK,,"3","0","975","1280","0","0","0",SPAA3LLH,SPAA3LMH,SPAA3LUH,,,
"0","722",SPBA3,-110.5202184528,-109.9375603088,31.6825341428,32.3131710867,CBRFC,"15050203",twc,sanpedro,SPBA3,d,SAN PEDRO - BENSON- NR,,"3","0","1219","1371","0","0","0",SPBA3LLH,SPBA3LMH,SPBA3LUH,,,
"0","723",SPLU1,-111.7191337301,-111.5326476047,40.0134231033,40.1566062805,CBRFC,"16020202",slc,provo,SPLU1,d,SPANISH FORK NR LAKESHORE,,"1","0","0","0","0","0","0",SPLU1RLF,,,,,
"0","724",SPPA3,-110.5150541236,-109.9177357225,30.9690016890,31.4266789117,CBRFC,"15050202",twc,sanpedro,SPPA3,f,SAN PEDRO - PALOMINAS,,"3","0","1402","1524","0","0","0",SPPA3HLH,SPPA3HMH,SPPA3HUH,,,
"0","726",SPRA3,-110.7145451553,-110.0636280341,32.1121708208,32.5930845326,CBRFC,"15050203",twc,sanpedro,SPRA3,f,SAN PEDRO - REDINGTON,,"3","0","1127","1371","0","0","0",SPRA3LLH,SPRA3LMH,SPRA3LUH,,,
"0","727",SPRI1,-111.7262882488,-111.4519282562,42.5650596286,42.8561540581,CBRFC,"16010201",slc,bear,SPRI1,d,SODA POINT RESERVOIR,,"2","0","1828","0","0","0","0",SPRI1LLF,SPRI1LUF,,,,
"0","729",SPTA3,-110.3130489270,-109.8782859311,31.5378516633,31.8521913855,CBRFC,"15050202",twc,sanpedro,SPTA3,f,SAN PEDRO - TOMBSTONE- NR,,"2","0","1371","0","0","0","0",SPTA3LLH,SPTA3LUH,,,,
"0","732",SRFU1,-111.2707375827,-110.2986654804,38.8198276521,39.4754378240,CBRFC,"14060009",slc,sanrafdd,SRFU1,d,SAN RAFAEL - GREEN RIVER- NR,,"3","0","2133","2590","0","0","0",SRFU1LLF,SRFU1LMF,SRFU1LUF,,,
"0","733",SRKU1,-112.4013543863,-111.7124213286,37.4043783077,38.2740194960,CBRFC,"16030002",slc,sevier,SRKU1,f,EF SEVIER - KINGSTON- NR,,"3","0","2590","3048","0","0","0",SRKU1LLH,SRKU1LMH,SRKU1LUH,,,
"0","737",SRSU1,-113.8795076512,-113.5019659547,37.0627371012,37.3614067097,CBRFC,"15010008",slc,virgin,SRSU1,f,SANTA CLARA - ST. GEORGE,,"3","0","1219","1676","0","0","0",SRSU1LLH,SRSU1LMH,SRSU1LUH,,,
"0","739",SRYU1,-112.0919738798,-111.2965370389,38.6798134667,39.7870902016,CBRFC,"16030003",slc,sevier,SRYU1,d,SEVIER - GUNNISON- NR,,"3","0","2133","2590","0","0","0",SRYU1LLH,SRYU1LMH,SRYU1LUH,,,
"0","741",SSFA3,-110.0906204397,-109.6792749126,34.1329109164,34.4259611085,CBRFC,"15020005",fgz,litcol,SSFA3,d,SILVER CK - SNOWFLAKE- ABV,,"3","0","1828","2133","0","0","0",SSFA3HLH,SSFA3HMH,SSFA3HUH,,,
"0","744",SSPA3,-112.6244273616,-112.1662622466,32.0442519671,32.5538620830,CBRFC,"15080101",gjt,whvam,SSPA3,d,SAN SIMON WASH - PISINIMO- NR,,"3","0","640","731","0","0","0",SSPA3HLH,SSPA3HMH,SSPA3HUH,,,
"0","745",SSSA3,-109.7856771966,-108.9019532457,31.5042178153,32.8234064799,CBRFC,"15040006",slc,upgila,SSSA3,d,SAN SIMON - SOLOMON- NR,,"3","0","1219","1828","0","0","0",SSSA3HLH,SSSA3HMH,SSSA3HUH,,,
"0","746",SSWU1,-112.1817003085,-111.7315394292,40.3551099962,40.5883471924,CBRFC,"16020204",slc,saltlake,SSWU1,f,JORDAN - 90TH SOUTH 8TH WEST,,"3","0","1524","2133","0","0","0",SSWU1LLF,SSWU1LMF,SSWU1LUF,,,
"0","747",STAU1,-111.2009886916,-110.4179837788,39.8687622828,40.4110281533,CBRFC,"14060004",slc,duchpr,STAU1,d,STRAWBERRY - STARVATION RES- DUCHESNE- NR,,"3","0","2133","2590","0","0","0",STAU1LLF,STAU1LMF,STAU1LUF,,,
"0","749",STBA3,-111.2166446438,-110.5763392822,31.2310307275,31.7099995692,CBRFC,"15050301",twc,santacrz,STBA3,f,SANTA CRUZ - TUBAC,,"3","0","1219","1524","0","0","0",STBA3LLH,STBA3LMH,STBA3LUH,,,
"0","752",STCU1,-113.4932288191,-113.3875186052,37.3260739313,37.4048308218,CBRFC,"15010008",slc,virgin,STCU1,d,SANTA CLARA - PINE VALLEY- NR,,"3","0","2438","2743","0","0","0",STCU1HLH,STCU1HMH,STCU1HUH,,,
"0","753",STDI1,-111.2827097563,-110.9453295815,42.0037915157,42.4917549901,CBRFC,"16010201",slc,bear,STDI1,d,BEAR - MONTPELIER- NR- STEWART DAM- BLO,,"2","0","2133","0","0","0","0",STDI1LLF,STDI1LUF,,,,
"0","754",STIA3,-112.7076202506,-112.3225046491,32.6985249506,32.9326341041,CBRFC,"15070101",fgz,logila,STIA3,d,SAND TANK - I8,,"2","0","600","0","0","0","0",STIA3HLH,STIA3HUH,,,,
"0","755",STIU1,-111.3134275147,-110.9848208616,40.0360296884,40.4185544727,CBRFC,"14060004",slc,duchpr,STIU1,d,STRAWBERRY - SOLIDER SPRINGS-NR - STRAWBERRY RES,,"2","0","2590","0","0","0","0",STIU1HLF,STIU1HUF,,,,
"0","757",STMC2,-107.1155846244,-106.5896630723,40.1016138693,40.5363031754,CBRFC,"14050001",gjt,whyam,STMC2,f,YAMPA - STEAMBOAT SPRINGS,,"3","0","2590","3048","0","0","0",STMC2LLF,STMC2LMF,STMC2LUF,,,
"0","759",SUPA3,-113.0153285069,-111.7672619682,35.1825572289,36.2500967738,CBRFC,"15010004",fgz,billpar,SUPA3,d,HAVASU CK - SUPAI,,"3","0","1828","2133","0","0","0",SUPA3HLH,SUPA3HMH,SUPA3HUH,,,
"0","767",SYCA3,-111.5745313592,-111.3716511767,33.6658811851,34.0065209069,CBRFC,"15060203",fgz,verde,SYCA3,d,SYCAMORE CK - FT MCDOWELL- NR,,"2","0","1219","0","0","0","0",SYCA3HLH,SYCA3HUH,,,,
"0","768",SZZU1,-111.7662765327,-111.5673384545,39.6552230575,39.8522657934,CBRFC,"16020201",slc,provo,SZZU1,d,SALT CK - NEPHI POWERPLANT DIV- BLO,,"3","0","2135","2593","0","0","0",SZZU1HLF,SZZU1HMF,SZZU1HUF,,,
"0","769",TADU1,-111.0314927168,-110.5965317037,40.2767736660,40.7289680814,CBRFC,"14060003",slc,duchpr,TADU1,f,DUCHESNE - TABIONA- NR,,"3","0","2590","3048","0","0","0",TADU1LLF,TADU1LMF,TADU1LUF,,,
"0","770",TATA3,-112.4582825711,-111.3884980678,31.9550636710,32.7493366086,CBRFC,"15050306",twc,santacrz,TATA3,d,TAT MOMOLIKOT DAM,,"3","0","609","762","0","0","0",TATA3HLH,TATA3HMH,TATA3HUH,,,
"0","772",TCFC2,-106.2574639594,-106.1023759205,39.3681130491,39.6060535704,CBRFC,"14010002",gjt,colkrem,TCFC2,d,TENMILE CK - FRISCO- N TENMILE CK- BLO,,"2","0","3505","0","0","0","0",TCFC2HLF,TCFC2HUF,,,,
"0","773",TGWA3,-113.3470383081,-113.1090059839,33.7169098818,33.8756295365,CBRFC,"15070104",fgz,hasscent,TGWA3,d,TIGER WASH,,"2","0","731","0","0","0","0",TGWA3HLH,TGWA3HUH,,,,
"0","775",THOI1,-111.1038913927,-110.8591896690,42.2822687323,42.5433142656,CBRFC,"16010102",slc,bear,THOI1,d,THOMAS FORK - WYOMING-IDAHO STATE LINE- NR,,"2","0","2286","0","0","0","0",THOI1HLF,THOI1HUF,,,,
"0","776",TKYA3,-110.2844782827,-109.2615730887,31.8134366531,32.7435279952,CBRFC,,gjt,whvam,TKYA3,,,,"1","0","0","0","0","0","0",TKYA3XLH,,,,,
"0","779",TMCC2,-106.4788527459,-106.2370305741,38.2875917391,38.6057789867,CBRFC,"14020003",pub,gun,TMCC2,f,TOMICHI CK - SARGENTS,,"3","0","2895","3352","0","0","0",TMCC2HLF,TMCC2HMF,TMCC2HUF,,,
"0","781",TNRA3,-111.5007861275,-110.8218813615,33.9255600409,34.4057697768,CBRFC,"15060105",slc,salt,TNRA3,d,TONTO CK - ROOSEVELT- NR- GUN CK- ABV,,"3","0","1371","1676","0","0","0",TNRA3HLH,TNRA3HMH,TNRA3HUH,,,
"0","785",TOMC2,-106.9432635605,-106.3634990000,38.2501021769,38.7001771607,CBRFC,"14020003",gjt,gun,TOMC2,d,TOMICHI CK - GUNNISON,,"3","0","2895","3352","0","0","0",TOMC2LLF,TOMC2LMF,TOMC2LUF,,,
"0","787",TPIC2,-106.6362548192,-106.3206117646,38.6776950978,38.9281877758,CBRFC,"14020001",gjt,gun,TPIC2,d,TAYLOR - TAYLOR PARK RES,,"2","0","3352","0","0","0","0",TPIC2LLF,TPIC2LUF,,,,
"0","788",TQRA3,-110.6831702403,-110.5153491484,32.2000082555,32.3164341425,CBRFC,"15050302",twc,santacrz,TQRA3,d,TANQUE VERDE GUEST RANCH,,"2","0","1371","0","0","0","0",TQRA3HLH,TQRA3HUH,,,,
"0","789",TRAC2,-106.8002778530,-106.4487186813,38.8562173639,39.0562473765,CBRFC,"14020001",gjt,gun,TRAC2,f,TAYLOR - TAYLOR PARK,,"2","0","3352","0","0","0","0",TRAC2HLF,TRAC2HUF,,,,
"0","794",TSCA3,-111.2042026292,-110.6531081838,31.7758900410,32.2490222149,CBRFC,"15050301",twc,santacrz,TSCA3,f,SANTA CRUZ - TUCSON,,"3","0","914","1219","0","0","0",TSCA3LLH,TSCA3LMH,TSCA3LUH,,,
"0","795",TVCA3,-110.8407478824,-110.6193061215,32.1642695733,32.4155727165,CBRFC,"15050302",twc,santacrz,TVCA3,d,TANQUE VERDE - TUCSON,,"2","0","914","0","0","0","0",TVCA3LLH,TVCA3LUH,,,,
"0","796",UCRC2,-107.7970704275,-107.5687006188,37.8923363337,38.1910296325,CBRFC,"14020006",gjt,gun,UCRC2,d,UNCOMPAHGRE - RIDGWAY- NR,,"3","0","2895","3352","0","0","0",UCRC2HLF,UCRC2HMF,UCRC2HUF,,,
"0","797",UERU1,-113.9672962552,-113.8578672569,37.4664117822,37.5717423811,CBRFC,"16030006",slc,sevier,UERU1,d,UPPER ENTERPRISE RESERVOIR,,"2","0","1828","0","0","0","0",UERU1HLH,UERU1HUH,,,,
"0","798",UPBA3,-110.6526474322,-110.3912845753,31.4556836699,31.7609077205,CBRFC,"15050202",twc,sanpedro,UPBA3,d,UPPER BABOCOMARI - FORT HUACHUCA- NR,,"2","0","1524","0","0","0","0",UPBA3HLH,UPBA3HUH,,,,
"0","800",URRU1,-110.3218525392,-109.6988278512,40.2068257420,40.7161941211,CBRFC,"14060003",slc,duchpr,URRU1,f,UINTA - RANDLETT,,"3","0","2133","2590","0","0","0",URRU1LLF,URRU1LMF,URRU1LUF,,,
"0","801",USTU1,-110.8418610846,-110.6140571460,40.5524809601,40.7528302416,CBRFC,"14060003",slc,duchpr,USTU1,d,ROCK CK - UPPER STILLWATER RES,,"2","0","3200","0","0","0","0",USTU1HLF,USTU1HUF,,,,
"0","802",UTLU1,-112.1219647013,-111.5253830075,39.8464165722,40.5290003748,CBRFC,"16020201",slc,provo,UTLU1,d,JORDAN - UTAH LAKE- PROVO- NR,,"3","0","2133","2590","0","0","0",UTLU1LLF,UTLU1LMF,UTLU1LUF,,,
"0","806",VAMA3,-112.3584217890,-111.5718642974,31.5427946793,32.1409806509,CBRFC,"15080101",gjt,whvam,VAMA3,d,VAMORI WASH @ KOM VO,,"3","0","731","883","0","0","0",VAMA3LLH,VAMA3LMH,VAMA3LUH,,,
"0","808",VCRC2,-107.6255426724,-107.2691909994,37.3547826125,37.7085094915,CBRFC,"14080101",gjt,sanjuan,VCRC2,d,LOS PINOS - VALLECITO RES- BAYFIELD- NR,,"3","0","2895","3352","0","0","0",VCRC2HLF,VCRC2HMF,VCRC2HUF,,,
"0","809",VCVA3,-112.1743812390,-111.4700280138,34.4465249165,35.0103005854,CBRFC,"15060203",fgz,verde,VCVA3,d,VERDE - CAMP VERDE- NR,,"3","0","1219","1676","0","0","0",VCVA3LLH,VCVA3LMH,VCVA3LUH,,,
"0","815",VDCA3,-112.5598766314,-111.6779100193,34.7498494800,35.3772214282,CBRFC,"15060202",fgz,verde,VDCA3,d,VERDE - CLARKDALE,,"3","0","1676","2133","0","0","0",VDCA3LLH,VDCA3LMH,VDCA3LUH,,,
"0","816",VDPA3,-112.5862673300,-112.1582801759,34.5026647934,34.9790037964,CBRFC,"15060202",fgz,verde,VDPA3,d,VERDE - PAULDEN- NR,,"2","0","1524","0","0","0","0",VDPA3LLH,VDPA3LUH,,,,
"0","818",VDSA3,-111.8760747930,-111.5159605339,33.5406311180,33.9389887981,CBRFC,"15060203",fgz,verde,VDSA3,d,VERDE - SCOTTSDALE- NR,,"3","0","548","792","0","0","0",VDSA3LLH,VDSA3LMH,VDSA3LUH,,,
"0","819",VDTA3,-111.9059058031,-111.4543304225,34.0396196391,34.5154914253,CBRFC,"15060203",fgz,verde,VDTA3,f,VERDE - BLO TANGLE CK- ABV HORSEHOE DAM,,"3","0","1219","1676","0","0","0",VDTA3LLH,VDTA3LMH,VDTA3LUH,,,
"0","820",VEGC2,-107.8156753941,-107.6851672994,39.0839674179,39.2405183477,CBRFC,"14010005",gjt,colpal,VEGC2,d,PLATEAU CK - VEGA RES- COLLBRAN- NR,,"2","0","3048","0","0","0","0",VEGC2HLF,VEGC2HUF,,,,
"0","821",VIRU1,-113.2203556674,-112.8412174404,37.0244056392,37.4095598405,CBRFC,"15010008",slc,virgin,VIRU1,f,VIRGIN - VIRGIN,,"3","0","1676","2133","0","0","0",VIRU1LLH,VIRU1LMH,VIRU1LUH,,,
"0","824",VIVW4,-110.8030403534,-110.5687214771,41.9667874812,42.2051377199,CBRFC,"14040107",slc,green,VIVW4,d,HAMS FORK - VIVA NAUGHTON RES,,"2","0","2590","0","0","0","0",VIVW4LLF,VIVW4LUF,,,,
"0","825",VLMN2,-114.4731340818,-114.0589292003,36.5096206415,37.3551088630,CBRFC,"15010010",slc,virgin,VLMN2,d,VIRGIN - LAKE MEAD- ABV- OVERTON- NR,,"3","0","762","1066","0","0","0",VLMN2LLH,VLMN2LMH,VLMN2LUH,,,
"0","829",VLTA3,-113.9641513625,-113.5107109704,36.7235249001,37.1315374132,CBRFC,"15010010",slc,virgin,VLTA3,f,VIRGIN - LITTLEFIELD,,"3","0","914","1402","0","0","0",VLTA3LLH,VLTA3LMH,VLTA3LUH,,,
"0","830",VMQN2,-114.1528541228,-113.8311653473,36.6171124360,37.1418985675,CBRFC,"15010010",slc,virgin,VMQN2,d,VIRGIN - MESQUITE BRIDGE,,"2","0","762","0","0","0","0",VMQN2LLH,VMQN2LUH,,,,
"0","831",VRBU1,-113.6513302273,-113.2318969437,36.4698293971,37.2607008516,CBRFC,"15010010",slc,virgin,VRBU1,f,VIRGIN - BLOOMINGTON- NR,,"3","0","1371","1676","0","0","0",VRBU1LLH,VRBU1LMH,VRBU1LUH,,,
"0","833",VWSA3,-111.9639339961,-111.5638615251,31.3279883165,31.5768886026,CBRFC,"15080101",gjt,whvam,VWSA3,d,VAMORI WASH - INTNL BNDRY- SELLS- NR,,"2","0","853","0","0","0","0",VWSA3HLH,VWSA3HUH,,,,
"0","834",WATA3,-112.5189891068,-112.1767123825,32.8065745789,33.2924676889,CBRFC,"15070101",fgz,logila,WATA3,d,WATERMAN WASH - RAINBOW,,"2","0","420","0","0","0","0",WATA3HLH,WATA3HUH,,,,
"0","835",WATU1,-109.2042385839,-108.5197844898,39.5746819891,40.3472423279,CBRFC,"14050007",gjt,whyam,WATU1,d,WHITE - WATSON- NR,,"2","0","2286","0","0","0","0",WATU1LLF,WATU1LUF,,,,
"0","836",WBRW4,-110.2649906197,-109.6515780831,43.0161845932,43.4592835646,CBRFC,"14040101",slc,green,WBRW4,f,GREEN - DANIEL- NR- WARREN BRIDGE- AT,,"3","0","2590","3048","0","0","0",WBRW4HLF,WBRW4HMF,WBRW4HUF,,,
"0","837",WBVA3,-111.6752349767,-111.3909682756,34.5850047801,34.8334532296,CBRFC,"15060202",fgz,verde,WBVA3,d,WET BEAVER CK - RIMROCK- NR,,"2","0","2133","0","0","0","0",WBVA3HLH,WBVA3HUH,,,,
"0","838",WCGU1,-112.6317938356,-112.5663899036,40.4565803102,40.5054811290,CBRFC,"16020304",slc,saltlake,WCGU1,f,S WILLOW CK - GRANTSVILLE- NR,,"2","0","2590","0","0","0","0",WCGU1HLF,WCGU1HUF,,,,
"0","839",WCLA3,-111.7046248019,-111.2631591612,34.4495502641,34.8020835382,CBRFC,"15060203",fgz,verde,WCLA3,d,WEST CLEAR CK - CAMP VERDE- NR,,"3","0","1981","2133","0","0","0",WCLA3HLH,WCLA3HMH,WCLA3HUH,,,
"0","842",WCRC2,-106.1474229437,-105.9301193720,40.1318154004,40.3734602386,CBRFC,"14010001",gjt,colkrem,WCRC2,d,WILLOW CK - WILLOW CK RES- GRANBY- NR,,"2","0","2895","0","0","0","0",WCRC2HLF,WCRC2HUF,,,,
"0","843",WDRA3,-110.1587861601,-108.2630723386,34.0881765875,35.2506798937,CBRFC,"15020002",fgz,litcol,WDRA3,d,LITTLE COLORADO - WOODRUFF,,"3","0","1828","2133","0","0","0",WDRA3LLH,WDRA3LMH,WDRA3LUH,,,
"0","849",WESU1,-112.2143742448,-112.0988608965,40.3725449498,40.4703262475,CBRFC,"16020201",slc,provo,WESU1,f,WEST CANYON CK - CEDAR FORT- NR,,"2","0","2590","0","0","0","0",WESU1HLF,WESU1HUF,,,,
"0","850",WETC2,-107.6369871712,-107.3770504658,39.2038011544,39.3365647646,CBRFC,"14010005",gjt,colpal,WETC2,d,WEST DIVIDE CK - RAVEN- NR,,"2","0","2743","0","0","0","0",WETC2HLF,WETC2HUF,,,,
"0","853",WFDC2,-106.2892751963,-105.9378158488,39.7999893381,40.0411199651,CBRFC,"14010001",gjt,colkrem,WFDC2,d,WILLIAMS FORK - WILLIAMS FORK RES- PARSHALL- NR,,"3","0","2743","3200","0","0","0",WFDC2LLF,WFDC2LMF,WFDC2LUF,,,
"0","854",WFDU1,-111.1880094859,-110.8857952433,40.3896690802,40.4807922209,CBRFC,"14060003",slc,duchpr,WFDU1,d,WEST FORK DUCHESNE - VAT DIVERSION- BLO,,"1","0","0","0","0","0","0",WFDU1HLF,,,,,
"0","855",WFLC2,-106.0822515258,-105.8805039118,39.6838580402,39.8750277025,CBRFC,"14010001",gjt,colkrem,WFLC2,d,WILLIAMS FORK - LEAL- NR,,"2","0","3352","0","0","0","0",WFLC2HLF,WFLC2HUF,,,,
"0","856",WGNA3,-112.6353353362,-112.3965812148,34.3085133289,34.5009151537,CBRFC,"15070103",fgz,hasscent,WGNA3,d,HASSAYAMPA - WAGONER RD,,"2","0","1539","0","0","0","0",WGNA3HLH,WGNA3HUH,,,,
"0","857",WHBC2,-108.8529381774,-107.8528264726,39.6232127411,40.4331053727,CBRFC,"14050007",gjt,whyam,WHBC2,d,WHITE - RANGELY- NR- BOISE CK- BLO,,"2","0","2286","0","0","0","0",WHBC2LLF,WHBC2LUF,,,,
"0","859",WHIC2,-108.1001859967,-107.7962624808,39.7925574611,40.2586436555,CBRFC,"14050005",gjt,whyam,WHIC2,d,WHITE - MEEKER- BLO,,"2","0","2286","0","0","0","0",WHIC2LLF,WHIC2LUF,,,,
"0","860",WHIN2,-115.5011836883,-114.8711909502,37.3146279143,39.3029626669,CBRFC,,vef,mudlv,WHIN2,,,,"0","0","0","0","0","0","0",,,,,,
"0","862",WHTA3,-110.1930672171,-109.5133230736,33.6918866347,34.1503651392,CBRFC,"15060102",slc,salt,WHTA3,d,WHITE - FT APACHE- NR,,"3","0","2133","2590","0","0","0",WHTA3LLH,WHTA3LMH,WHTA3LUH,,,
"0","864",WIKC2,-107.6739577046,-107.1238970479,40.0255994273,40.4406441406,CBRFC,"14050001",gjt,whyam,WIKC2,d,WILLIAMS FORK - MOUTH- AT- HAMILTON- NR,,"3","0","2590","3048","0","0","0",WIKC2HLF,WIKC2HMF,WIKC2HUF,,,
"0","865",WKPA3,-113.9277089672,-112.9503123975,34.3827145027,35.4520184491,CBRFC,"15030201",fgz,billpar,WKPA3,f,BIG SANDY - WIKIEUP- NR,,"3","0","1219","1524","0","0","0",WKPA3LLH,WKPA3LMH,WKPA3LUH,,,
"0","868",WNBA3,-113.1846478143,-112.8809879089,33.6785707836,33.8978760100,CBRFC,"15070103",fgz,hasscent,WNBA3,d,JACKRABBIT WASH - TONOPAH- NR,,"2","0","685","0","0","0","0",WNBA3HLH,WNBA3HUH,,,,
"0","869",WNRU1,-111.0495117773,-110.8757061489,41.3853381808,41.5100519060,CBRFC,"16010101",slc,bear,WNRU1,d,BEAR - WOODRUFF NARROWS RES- WOODRUFF- NR,,"1","0","0","0","0","0","0",WNRU1RLF,,,,,
"0","871",WOOU1,-111.2109106996,-110.8939007037,40.4380876677,40.7120033805,CBRFC,"16020203",slc,provo,WOOU1,f,PROVO - WOODLAND- NR,,"3","0","2590","2895","0","0","0",WOOU1HLF,WOOU1HMF,WOOU1HUF,,,
"0","872",WOPU1,-111.1340104786,-110.3027331080,39.1609875087,39.8083163184,CBRFC,"14060007",slc,duchpr,WOPU1,f,PRICE - WOODSIDE,,"3","0","2133","2590","0","0","0",WOPU1LLF,WOPU1LMF,WOPU1LUF,,,
"0","874",WORC2,-106.6871154197,-106.3288082858,40.0695563320,40.4329933356,CBRFC,"14010001",gjt,colkrem,WORC2,d,MUDDY CK - WOLFORD MOUNTAIN RESERVOIR,,"3","0","2590","2895","0","0","0",WORC2HLF,WORC2HMF,WORC2HUF,,,
"0","876",WRMC2,-107.8803070528,-107.1640361222,39.7418885119,40.1581603045,CBRFC,"14050005",gjt,whyam,WRMC2,f,WHITE - MEEKER- NR,,"3","0","2590","3048","0","0","0",WRMC2HLF,WRMC2HMF,WRMC2HUF,,,
"0","877",WRSU1,-111.1432364257,-110.9592566179,39.8702415337,40.0473664260,CBRFC,"14060007",slc,duchpr,WRSU1,d,WHITE - BLO TABBYUNE CK- SOLDIER SUMMIT- NR,,"2","0","2590","0","0","0","0",WRSU1HLF,WRSU1HUF,,,,
"0","878",WTBA3,-111.6990775387,-111.4838467905,34.1165062043,34.2324740623,CBRFC,"15060203",fgz,verde,WTBA3,d,WET BOTTOM - CHILDS- NR,,"2","0","1524","0","0","0","0",WTBA3HLH,WTBA3HUH,,,,
"0","879",WTLA3,-111.2756531604,-111.0338234901,33.1785278613,33.4142640166,CBRFC,"15050100",fgz,logila,WTLA3,d,WHITLOW RANCH DAM,,"2","0","975","0","0","0","0",WTLA3HLH,WTLA3HUH,,,,
"0","880",WTRU1,-110.1416520721,-109.8893080906,40.5922899366,40.8200414940,CBRFC,"14060003",slc,duchpr,WTRU1,d,WHITEROCKS - WHITEROCKS- NR,,"2","0","3200","0","0","0","0",WTRU1HLF,WTRU1HUF,,,,
"0","881",WVAA3,-112.9345341854,-112.5100474400,34.5932392310,34.8920776939,CBRFC,"15060201",fgz,verde,WVAA3,d,WILLIAMSON VALLEY WASH - PAULDEN- NR,,"2","0","1524","0","0","0","0",WVAA3HLH,WVAA3HUH,,,,
"0","883",WWDA3,-109.9959842370,-109.3487133759,31.1798212137,31.9062418198,CBRFC,"15080301",gjt,whvam,WWDA3,d,WHITEWATER DRAW - DOUGLAS- NR,,"3","0","1341","1524","0","0","0",WWDA3LLH,WWDA3LMH,WWDA3LUH,,,
"0","886",WWPU1,-112.0946811984,-111.8065351292,41.1080903150,41.3650501763,CBRFC,"16020102",slc,weber,WWPU1,f,WEBER - PLAIN CITY- NR,,"3","0","1524","2133","0","0","0",WWPU1LLF,WWPU1LMF,WWPU1LUF,,,
"0","887",YASC2,-107.1762913829,-106.7905973455,39.9690751864,40.2997884767,CBRFC,"14050001",gjt,whyam,YASC2,d,YAMPA - STAGECOACH RSVR- ABV,,"3","0","2590","3048","0","0","0",YASC2HLF,YASC2HMF,YASC2HUF,,,
"0","889",YDLC2,-108.5669477934,-107.8240707930,40.2925855732,40.7574604348,CBRFC,"14050002",gjt,whyam,YDLC2,d,YAMPA - DEERLODGE PARK,,"1","0","0","0","0","0","0",YDLC2LLF,,,,,
"0","890",YLLU1,-110.5065463020,-110.2985524264,40.5098934310,40.7919901857,CBRFC,"14060003",slc,duchpr,YLLU1,f,YELLOWSTONE - ALTONAH- NR,,"2","0","3352","0","0","0","0",YLLU1HLF,YLLU1HUF,,,,
"0","891",YPCA3,-113.2158152042,-112.2137148682,34.8028279724,35.8676005841,CBRFC,"15060202",fgz,verde,YPCA3,d,BIG CHINO WASH - SR 89,,"3","0","1524","1828","0","0","0",YPCA3LLH,YPCA3LMH,YPCA3LUH,,,
"0","896",YWCA3,-112.9887389866,-112.8115523405,34.8445987492,34.9650950238,CBRFC,"15060201",fgz,verde,YWCA3,d,WALNUT CREEK,,"2","0","1828","0","0","0","0",YWCA3HLH,YWCA3HUH,,,,
"0","897",ZCHA3,-111.8880510553,-111.2151360843,33.1009881731,33.5003013938,CBRFC,"15050100",fgz,logila,ZCHA3,d,EMF - ARIZONA AVE,,"2","0","416","0","0","0","0",ZCHA3LLH,ZCHA3LUH,,,,
"0","898",ZMCA3,-112.8880565379,-112.6672910511,34.0289346393,34.2710757601,CBRFC,"15070103",fgz,hasscent,ZMCA3,d,MARTINEZ CREEK,,"2","0","944","0","0","0","0",ZMCA3HLH,ZMCA3HUH,,,,
"0","899",ZQRA3,-111.5986577344,-111.1691874114,33.2295104992,33.4482696415,CBRFC,"15050100",fgz,logila,ZQRA3,d,QUEEN CK - RITTENHOUSE,,"3","0","487","609","0","0","0",ZQRA3LLH,ZQRA3LMH,ZQRA3LUH,,,
"0","901",ZSMA3,-113.0012460593,-112.7903860295,33.9145253115,34.2209529896,CBRFC,"15070103",fgz,hasscent,ZSMA3,d,SOLS WASH - MATTHIE- NR,,"2","0","838","0","0","0","0",ZSMA3HLH,ZSMA3HUH,,,,
"0","902",ZSWA3,-112.7596035832,-112.4287263440,32.5166328541,32.8799173501,CBRFC,"15070101",fgz,logila,ZSWA3,d,SAUCEDA WASH,,"2","0","563","0","0","0","0",ZSWA3HLH,ZSWA3HUH,,,,
"0","906",ZUIN5,-108.7814943166,-108.0770340239,34.8177041888,35.4011614086,CBRFC,"15020004",fgz,litcol,ZUIN5,f,ZUNI - BLACK ROCK RES- ABV,,"3","0","2133","2438","0","0","0",ZUIN5HLH,ZUIN5HMH,ZUIN5HUH,,,
"0","909",ZVWA3,-112.4031788741,-112.1284889155,32.6174860177,32.8433838430,CBRFC,"15050303",twc,santacrz,ZVWA3,d,VEKOL WASH,,"2","0","670","0","0","0","0",ZVWA3HLH,ZVWA3HUH,,,,
"0","910",CVRU1,-111.3171030100,-111.2170370661,39.5662769671,39.5966212301,CBRFC,"14060009",slc,sanrafdd,CVRU1,d,CLEVELAND RESERVOIR,,"1","0","0","0","0","0","0",CVRU1RLF,,,,,
