OBJ_STATUS_,OBJ_IDENTIF,NAME,MIN_X_AXIS_,MAX_X_AXIS_,MIN_Y_AXIS_,MAX_Y_AXIS_,RFC,HUC,CWA_1,FCST_GP,CH5_ID,TYPE,DSCRIPTION,ATTRIBUTE,NUMBER_ZONE,ZONE_1_MIN_,ZONE_2_MIN_,ZONE_3_MIN_,ZONE_4_MIN_,ZONE_5_MIN_,ZONE_6_MIN_
"0","1",MTGN4,-74.9189682006,-74.5741195674,41.2766532897,41.4692802424,MARFC,"02040104",BGM,DEL,MTGN4,f,"Delaware River at Montague, NJ",Montague,"0","0","0","0","0","0","0"
"0","2",NEVN6,-74.7201936592,-74.4225327050,41.4393477976,41.6577239567,MARFC,"02040104",BGM,DEL,NEVN6,f,Godeffroy -- Neversink R.,Neversink,"0","0","0","0","0","0","0"
"0","3",SHBN6,-75.7496565957,-75.3195280916,42.6635211986,42.9570532891,MARFC,"02050102",BGM,NBS,SHBN6,f,"Chenango River at Sherburne, NY",Sherburne,"0","0","0","0","0","0","0"
"0","4",CINN6,-75.9492775831,-75.6750675546,42.5412157304,42.8543248187,MARFC,"02050102",BGM,NBS,CINN6,f,"Otselic River at Cincinnatus, NY",Cincinnatus,"0","0","0","0","0","0","0"
"0","5",CRTN6,-76.2743499424,-75.7625523445,42.5226912364,42.9090884233,MARFC,"02050102",BGM,NBS,CRTN6,f,"Tioughnioga River at Cortland, NY",Cortland,"0","0","0","0","0","0","0"
"0","6",RCKN6,-75.4856934899,-74.9972344189,42.3713375815,42.9873540618,MARFC,"02050101",BGM,NBS,RCKN6,f,"Unadilla River at Rockdale, NY",Rockdale,"0","0","0","0","0","0","0"
"0","7",UNDN6,-75.3373307748,-74.5808030798,42.3102663252,42.9333883712,MARFC,"02050101",BGM,NBS,UNDN6,f,"Susquehanna River at Unadilla, NY",Unadilla,"0","0","0","0","0","0","0"
"0","8",ESIN6,-75.2440936888,-74.9019253085,42.2720975331,42.4294263193,MARFC,"02050101",BGM,NBS,ESIN6,d,"Ouleout Creek at East Sidney, NY",East Sydney Dam,"0","0","0","0","0","0","0"
"0","9",BAIN6,-75.5371480501,-75.1488871377,42.2520286374,42.4544112744,MARFC,"02050101",BGM,NBS,BAIN6,f,"Susquehanna River at Bainbridge, NY",Bainbridge,"0","0","0","0","0","0","0"
"0","10",GNEN6,-75.7924320316,-75.4070036373,42.2994722874,42.7174299913,MARFC,"02050102",BGM,NBS,GNEN6,f,"Chenango River at Greene, NY",Greene,"0","0","0","0","0","0","0"
"0","11",CNON6,-76.1875945442,-75.6735409330,42.2145551337,42.6516198810,MARFC,"02050102",BGM,NBS,CNON6,f,"Chenango River near Chenango Forks, NY",Chenango Forks,"0","0","0","0","0","0","0"
"0","12",WSRN6,-75.7491773344,-75.2735046476,42.0648561156,42.3689769062,MARFC,"02050101",BGM,NBS,WSRN6,f,"Susquehanna River at Windsor, NY",Windsor,"0","0","0","0","0","0","0"
"0","13",CMPN6,-77.6050941803,-76.9814576910,42.2190938455,42.6652952172,MARFC,"02050105",BGM,CMG,CMPN6,f,"Cohocton River near Campbell, NY",Campbell,"0","0","0","0","0","0","0"
"0","14",CKLN6,-75.9717632220,-75.3800730525,41.8222431268,42.1127874154,MARFC,"02050101",BGM,NBS,CKLN6,f,"Susquehanna River at Conklin, NY",Conklin,"0","0","0","0","0","0","0"
"0","15",WVYN6,-76.5659785538,-75.9479540185,41.8828315270,42.5024395321,MARFC,"02050103",BGM,NBS,WVYN6,f,"Susquehanna River near Waverly, NY",Waverly,"0","0","0","0","0","0","0"
"0","16",CRNN6,-77.5715072129,-76.9705964821,42.0049198730,42.3868196416,MARFC,"02050105",BGM,CMG,CRNN6,f,"Chemung River at Corning, NY",Corning,"0","0","0","0","0","0","0"
"0","17",WCRN6,-77.9006494273,-77.4064180358,42.0390119352,42.4671016695,MARFC,"02050104",BGM,CMG,WCRN6,f,"Canisteo River at West Cameron, NY",West Cameron,"0","0","0","0","0","0","0"
"0","18",LDYN6,-77.2053669388,-77.0309617949,41.9529435812,42.0309127939,MARFC,"02050104",BGM,CMG,LDYN6,f,"Tioga River at Lindley, NY",Lindley,"0","0","0","0","0","0","0"
"0","19",CMGN6,-77.0966254200,-76.6175418616,41.8685356550,42.3208838525,MARFC,"02050105",BGM,CMG,CMGN6,f,"Chemung River at Chemung, NY",Chemung,"0","0","0","0","0","0","0"
"0","20",TOWP1,-76.9095629799,-76.3887939074,41.7234344152,42.4265864145,MARFC,"02050106",BGM,MSU,TOWP1,f,"Susquehanna River at Towanda, PA",Towanda,"0","0","0","0","0","0","0"
"0","21",LWVP1,-77.7571010157,-77.1288248960,41.8122887574,42.1128354427,MARFC,"02050104",CTP,CMG,LWVP1,f,"Cowanesque River near Lawrenceville, PA",Lawrenceville,"0","0","0","0","0","0","0"
"0","22",TGRP1,-77.1751098123,-76.8560207672,41.7342304959,41.9216972485,MARFC,"02050104",CTP,CMG,TGRP1,d,"Tioga River at Tioga, PA",Tioga,"0","0","0","0","0","0","0"
"0","23",TGJP1,-77.4732491604,-77.0004883608,41.7286392437,41.9695895682,MARFC,"02050104",CTP,CMG,TGJP1,f,"Tioga River at Tioga Junction, PA",Tioga Junction,"0","0","0","0","0","0","0"
"0","24",TNKP1,-75.9173971199,-75.4839009172,41.4794564605,41.8814441108,MARFC,"02050106",BGM,MSU,TNKP1,f,"Tunkhannock Creek near Tunkhannock, PA",Tunkhannock,"0","0","0","0","0","0","0"
"0","25",MHPP1,-76.5123868682,-75.8196857654,41.5455139316,41.9641244658,MARFC,"02050106",BGM,MSU,MHPP1,f,"Susquehanna River at Meshoppen, PA",Meshoppen,"0","0","0","0","0","0","0"
"0","26",MFDP1,-77.2188805820,-76.8341136060,41.6143420106,41.8042472817,MARFC,"02050104",CTP,CMG,MFDP1,f,"Tioga River near Mansfield, PA",Mansfield,"0","0","0","0","0","0","0"
"0","27",MONP1,-76.9254717887,-76.4777565516,41.5588554180,41.7619659175,MARFC,"02050106",BGM,MSU,MONP1,f,"Towanda Creek near Monroeton, PA",Monroeton,"0","0","0","0","0","0","0"
"0","28",OFRP1,-75.7657525544,-75.4156521476,41.2360169934,41.8528116182,MARFC,"02050107",BGM,MSU,OFRP1,f,"Lackawanna River at Old Forge, PA",Old Forge,"0","0","0","0","0","0","0"
"0","29",CEDP1,-77.8978658812,-77.1166173087,41.4738575115,41.9293209193,MARFC,"02050205",CTP,WBS,CEDP1,f,"Pine Creek at Cedar Run, PA",Cedar Run,"0","0","0","0","0","0","0"
"0","30",WBRP1,-76.3503658001,-75.6831655517,41.1949100593,41.6424426414,MARFC,"02050107",BGM,MSU,WBRP1,f,"Susquehanna River at Wilkes-Barre, PA",Wilkes Barre,"0","0","0","0","0","0","0"
"0","31",LOYP1,-76.9927287533,-76.2127086619,41.3236980361,41.6144618050,MARFC,"02050206",CTP,WBS,LOYP1,f,"Loyalsock Creek at Loyalsockville, PA",Loyalsockville,"0","0","0","0","0","0","0"
"0","32",LYCP1,-77.1835438199,-76.7610260867,41.2657277663,41.6523807795,MARFC,"02050206",CTP,WBS,LYCP1,d,"Lycoming Creek near Williamsport, PA",Williamsport,"0","0","0","0","0","0","0"
"0","33",SFFP1,-78.1750515719,-77.8076510418,41.3871829601,41.7515974990,MARFC,"02050202",CTP,WBS,SFFP1,d,"First Fork Sinnemahoning Creek near Sinnemahoning, PA",Stevenson Dam,"0","0","0","0","0","0","0"
"0","34",WESP1,-77.9985805645,-77.5379164930,41.3180906000,41.6792424540,MARFC,"02050203",CTP,WBS,WESP1,d,"Kettle Creek near Westport, PA",Bush Dam,"0","0","0","0","0","0","0"
"0","35",WILP1,-77.3178670480,-76.9896578674,41.1337509574,41.4600607540,MARFC,"02050206",CTP,WBS,WILP1,f,"West Branch Susquehanna River at Williamsport, PA",Williamsport,"0","0","0","0","0","0","0"
"0","36",BMBP1,-76.4426034352,-75.7806324732,40.9228775706,41.3856841244,MARFC,"02050107",CTP,MSU,BMBP1,f,"Susquehanna River at Bloomsburg, PA",Bloomsburg,"0","0","0","0","0","0","0"
"0","37",LHVP1,-77.8338575243,-77.4104657396,41.1050836855,41.5542390273,MARFC,"02050203",CTP,WBS,LHVP1,f,"West Branch Susquehanna River at Lock Haven, PA",Lock Haven,"0","0","0","0","0","0","0"
"0","38",ROVP1,-78.2038939477,-77.7265615018,41.0625976685,41.4426533046,MARFC,"02050203",CTP,WBS,ROVP1,f,"West Branch Susquehanna River at Renovo, PA",Renovo,"0","0","0","0","0","0","0"
"0","39",SNNP1,-78.6924093896,-78.0842187661,41.1266559430,41.6926089508,MARFC,"02050202",CTP,WBS,SNNP1,f,"Sinnemahoning Creek at Sinnemahoning, PA",Sinnemahoning,"0","0","0","0","0","0","0"
"0","40",SBYP1,-77.3063291343,-75.9690065591,40.8112928168,41.4269158776,MARFC,"02050301",CTP,MSL,SBYP1,f,"Susquehanna River at Sunbury, PA",Sunbury,"0","0","0","0","0","0","0"
"0","41",BECP1,-77.9985337145,-77.5284338669,40.9491816996,41.2454107251,MARFC,"02050204",CTP,WBS,BECP1,f,"Bald Eagle Creek near Beech Creek Station, PA",Beech Creek Station,"0","0","0","0","0","0","0"
"0","42",BCHP1,-77.8227451193,-77.5916845747,40.8909259959,41.0614795080,MARFC,"02050204",CTP,WBS,BCHP1,d,"Bald Eagle Creek at Blanchard, PA",Blanchard,"0","0","0","0","0","0","0"
"0","43",JRSP1,-77.7136813065,-77.0665210505,40.8565779604,41.6244833750,MARFC,"02050206",CTP,WBS,JRSP1,f,"West Branch Susquehanna River at Jersey Shore, PA",Jersey Shore,"0","0","0","0","0","0","0"
"0","44",PNCP1,-77.7852343575,-77.0379781139,40.7178710605,40.9987201072,MARFC,"02050301",CTP,MSL,PNCP1,f,"Penns Creek at Penns Creek, PA",Penns Creek,"0","0","0","0","0","0","0"
"0","45",MSBP1,-78.1660025060,-77.6587047660,40.7176909484,41.0223276967,MARFC,"02050204",CTP,WBS,MSBP1,d,"Bald Eagle Creek below Spring Creek at Milesburg, PA",Milesburg,"0","0","0","0","0","0","0"
"0","46",KARP1,-78.7060207403,-77.9488888473,40.7206117491,41.2737248568,MARFC,"02050201",CTP,WBS,KARP1,f,"West Branch Susquehanna River at Karthaus, PA",Karthaus,"0","0","0","0","0","0","0"
"0","47",HTVP1,-76.6534446214,-76.1924017788,40.3391464425,40.6917598719,MARFC,"02050305",CTP,MSL,HTVP1,f,"Swatara Creek at Harper Tavern, PA",Harper Tavern,"0","0","0","0","0","0","0"
"0","48",HERP1,-76.7663500761,-76.3432605639,40.2512449129,40.4546090117,MARFC,"02050305",CTP,MSL,HERP1,f,"Swatara Creek near Hershey, PA",Hershey,"0","0","0","0","0","0","0"
"0","49",NPTP1,-77.8332621828,-77.0491425871,40.3853248593,40.8088076554,MARFC,"02050304",CTP,JUN,NPTP1,f,"Juniata River at Newport, PA",Newport,"0","0","0","0","0","0","0"
"0","50",CRVP1,-78.9143024761,-78.5147036326,40.5012501266,41.0272648036,MARFC,"02050201",CTP,WBS,CRVP1,d,"West Branch Susquehanna River near Curwensville, PA",Curwensville Dam,"0","0","0","0","0","0","0"
"0","51",DMLP1,-78.6640730561,-78.3245528127,40.4545341510,40.9939025362,MARFC,"02050201",CTP,WBS,DMLP1,d,"Clearfield Creek at Dimeling, PA",Dimeling,"0","0","0","0","0","0","0"
"0","52",LNCP1,-76.3774804477,-75.8230456418,40.0394135496,40.3222434655,MARFC,"02050306",CTP,MSL,LNCP1,f,"Conestoga River at Lancaster, PA",Lancaster,"0","0","0","0","0","0","0"
"0","53",HARP1,-77.3759225662,-76.0585646402,40.1672529154,40.9190560914,MARFC,"02050305",CTP,MSL,HARP1,f,"Susquehanna River at Harrisburg, PA",Harrisburg,"0","0","0","0","0","0","0"
"0","54",LWSP1,-77.9666732984,-77.5409136697,40.2707639973,40.6063636611,MARFC,"02050304",CTP,JUN,LWSP1,f,"Juniata River at Lewistown, PA",Lewistown,"0","0","0","0","0","0","0"
"0","55",MPLP1,-78.1601728109,-77.6621150716,40.2708448932,40.7523348472,MARFC,"02050304",CTP,JUN,MPLP1,f,"Juniata River at Mapleton Depot, PA",Mapleton Depot,"0","0","0","0","0","0","0"
"0","56",SMDP1,-77.6823938321,-77.1411492016,40.2014350772,40.4271475585,MARFC,"02050305",CTP,MSL,SMDP1,f,"Sherman Creek at Shermans Dale, PA",Shermans Dale,"0","0","0","0","0","0","0"
"0","57",PORP1,-77.8401742188,-77.3971715321,40.1717425090,40.5336292310,MARFC,"02050304",CTP,JUN,PORP1,d,"Tuscarora Creek near Port Royal, PA",Port Royal,"0","0","0","0","0","0","0"
"0","58",HUJP1,-78.5744888853,-77.8464745896,40.2157778804,40.8234637770,MARFC,"02050302",CTP,JUN,HUJP1,f,"Juniata River at Huntingdon, PA",Huntingdon,"0","0","0","0","0","0","0"
"0","59",RTBP1,-78.2931649620,-77.9611287514,40.1147050500,40.4522667231,MARFC,"02050303",CTP,JUN,RTBP1,d,"Rays Branch Juniata River below Rays Dam near Huntingdon, PA",Raystown Dam,"0","0","0","0","0","0","0"
"0","60",CPHP1,-77.4427433265,-76.8684151020,39.9653408270,40.2478406354,MARFC,"02050305",CTP,MSL,CPHP1,f,"Yellow Breeches Creek near Camp Hill, PA",Camp Hill,"0","0","0","0","0","0","0"
"0","61",HGSP1,-77.8855679334,-77.0140023076,39.9416325645,40.3143024624,MARFC,"02050305",CTP,MSL,HGSP1,f,"Conodoguinet Creek near Hogestown, PA",Hogestown,"0","0","0","0","0","0","0"
"0","62",SLYP1,-78.2066419696,-77.6158612018,39.9269499498,40.4748504686,MARFC,"02050304",CTP,JUN,SLYP1,f,"Aughwick Creek near Shirleysburg, PA",Shirleysburg,"0","0","0","0","0","0","0"
"0","63",MRTP1,-77.4303427119,-76.3350392119,39.6952858141,40.3868903712,MARFC,"02050306",CTP,MSL,MRTP1,f,"Susquehanna River at Marietta, PA",Marietta,"0","0","0","0","0","0","0"
"0","64",SXTP1,-78.8871300390,-78.1298494996,39.8260788522,40.3689693303,MARFC,"02050303",CTP,JUN,SXTP1,f,"Raystown Branch Juniata River at Saxton, PA",Saxton,"0","0","0","0","0","0","0"
"0","65",FAVM2,-77.9969592650,-77.3876891846,39.7088560571,40.2386670046,MARFC,"02070004",LWX,POT,FAVM2,f,"Conococheague Creek at Fairview, MD",Fairview,"0","0","0","0","0","0","0"
"0","66",FDKM2,-77.5170502811,-76.8841486166,39.3691911439,39.9265528399,MARFC,"02070009",LWX,POT,FDKM2,f,"Monocacy River at Jug Bridge near Frederick, MD",Frederick,"0","0","0","0","0","0","0"
"0","67",CWCM2,-78.9705480500,-78.6422308230,39.6002036778,39.9654385403,MARFC,"02070002",LWX,POT,CWCM2,f,"Wills Creek near Cumberland, MD",Cumberland,"0","0","0","0","0","0","0"
"0","68",SACM2,-77.7751704516,-77.4267854062,39.4101607572,39.8656635454,MARFC,"02070004",LWX,POT,SACM2,f,"Antietam Creek near Sharpsburg, MD",Sharpsburg,"0","0","0","0","0","0","0"
"0","69",HNKM2,-78.9786069040,-78.1722845477,38.8039133553,39.9145991610,MARFC,"02070004",LWX,POT,HNKM2,f,"Potomac River at Hancock, MD",Hancock,"0","0","0","0","0","0","0"
"0","70",LUKM2,-79.1947494011,-79.0453237769,39.4046303015,39.5443873870,MARFC,"02070002",LWX,POT,LUKM2,f,"North Branch Potomac River at Luke, MD",Luke,"0","0","0","0","0","0","0"
"0","71",SRVM2,-79.2861099292,-78.9279990158,39.4187925580,39.7155602942,MARFC,"02070002",LWX,POT,SRVM2,d,"Savage River below Savage River Dam near Bloomington, MD",Savage River Dam,"0","0","0","0","0","0","0"
"0","72",DAWM2,-77.3740176860,-77.1374572800,39.1028167504,39.2889946537,MARFC,"02070008",LWX,POT,DAWM2,f,"Seneca Creek at Dawsonville, MD",Dawsonville,"0","0","0","0","0","0","0"
"0","73",BNMW2,-79.2387309464,-79.0631332177,39.3422145989,39.4617641110,MARFC,"02070002",LWX,POT,BNMW2,d,"North Branch Potomac River at Barnum, WV",Barnum,"0","0","0","0","0","0","0"
"0","74",PORM2,-77.8892582107,-77.4924034621,39.1288765125,39.6502596894,MARFC,"02070008",LWX,POT,PORM2,f,"Potomac River at Point of Rocks, MD",Point of Rocks,"0","0","0","0","0","0","0"
"0","75",SHEW2,-78.4385850082,-77.7206212308,39.1514094859,40.0593984123,MARFC,"02070004",LWX,POT,SHEW2,f,"Potomac River at Shepherdstown, WV",Shepherdstown,"0","0","0","0","0","0","0"
"0","76",CBEM2,-79.1832529458,-78.7269528842,39.2309627638,39.7120172678,MARFC,"02070002",LWX,POT,CBEM2,f,"North Branch Potomac River near Cumberland, MD",Cumberland,"0","0","0","0","0","0","0"
"0","77",MBGW2,-78.2800297775,-77.8824542789,39.0630009336,39.4321694192,MARFC,"02070004",LWX,POT,MBGW2,f,"Opequon Creek near Martinsburg, WV",Martinsburg,"0","0","0","0","0","0","0"
"0","78",PAWW2,-79.2325049009,-78.3959900799,39.0946360903,39.9385582921,MARFC,"02070003",LWX,POT,PAWW2,f,"Potomac River at Paw Paw, WV",Paw Paw,"0","0","0","0","0","0","0"
"0","79",BRKM2,-77.6558242869,-77.1078918398,38.8432676468,39.4302098834,MARFC,"02070008",LWX,POT,BRKM2,f,Potomac River near Washington DC at Little Falls Pump Station,Little Falls,"0","0","0","0","0","0","0"
"0","80",KITM2,-79.5116174731,-79.1117960422,39.0701839103,39.4372815147,MARFC,"02070002",LWX,POT,KITM2,f,"North Branch Potomac River at Kitzmiller, MD",Kitzmiller,"0","0","0","0","0","0","0"
"0","81",LEEV2,-78.0756223336,-77.5765112556,38.8403638482,39.1667967812,MARFC,"02070008",LWX,POT,LEEV2,f,"Goose Creek near Leesburg, VA",Leesburg,"0","0","0","0","0","0","0"
"0","82",SPRW2,-79.3033002412,-78.6335187649,38.7781403522,39.4811568052,MARFC,"02070001",LWX,POT,SPRW2,f,"South Branch Potomac River near Springfield, WV",Springfield,"0","0","0","0","0","0","0"
"0","83",MILW2,-78.6161141647,-77.7507948061,38.6616522207,39.3463775194,MARFC,"02070007",LWX,SHN,MILW2,f,"Shenandoah River at Millville, WV",Millville,"0","0","0","0","0","0","0"
"0","84",FROV2,-78.5743532796,-78.1694970771,38.5118889026,38.9185476280,MARFC,"02070005",LWX,SHN,FROV2,f,"South Fork Shenandoah River at Front Royal, VA",Front Royal,"0","0","0","0","0","0","0"
"0","85",RENV2,-78.3717858487,-77.7953102476,38.4653540785,38.8958405776,MARFC,"02080103",LWX,RAP,RENV2,f,"Rappahannock River at Remington, VA",Remington,"0","0","0","0","0","0","0"
"0","86",COOV2,-79.0932155328,-78.8075527176,38.5335702171,38.8636581843,MARFC,"02070006",LWX,SHN,COOV2,f,"North Fork Shenandoah River at Cootes Store, VA",Cootes Store,"0","0","0","0","0","0","0"
"0","87",STGV2,-78.9450886932,-78.3296047535,38.4227680873,39.0342069274,MARFC,"02070006",LWX,SHN,STGV2,f,"North Fork Shenandoah River near Strasburg, VA",Strasburg,"0","0","0","0","0","0","0"
"0","88",FDBV2,-78.1306801177,-77.5162985293,38.2408758321,38.6339782596,MARFC,"02080104",LWX,RAP,FDBV2,f,"Rappahannock River near Fredericksburg, VA",Fredericksburg,"0","0","0","0","0","0","0"
"0","89",PETW2,-79.6995738344,-79.1273735783,38.4310833040,39.0724609783,MARFC,"02070001",LWX,POT,PETW2,f,"South Branch Potomac River near Petersburg, WV",Petersburg,"0","0","0","0","0","0","0"
"0","90",MOFW2,-79.4167171353,-78.9049671466,38.3786171749,39.0150057148,MARFC,"02070001",LWX,POT,MOFW2,f,"South Fork South Branch Potomac River near Moorefield, WV",Moorefield,"0","0","0","0","0","0","0"
"0","91",FKLW2,-79.6463490557,-79.2864801742,38.3979969942,38.6605319667,MARFC,"02070001",LWX,POT,FKLW2,f,"South Branch Potomac River at Franklin, WV",Franklin,"0","0","0","0","0","0","0"
"0","92",SFSV2,-78.8317134585,-78.4404992900,38.2456397409,38.6822829134,MARFC,"02070005",LWX,SHN,SFSV2,f,"South Fork Shenandoah River near Luray, VA",Luray,"0","0","0","0","0","0","0"
"0","93",CLPV2,-78.5262749203,-77.9706651176,38.1216951682,38.5975340199,MARFC,"02080103",LWX,RAP,CLPV2,f,"Rapidan River near Culpeper, VA",Culpeper,"0","0","0","0","0","0","0"
"0","94",LYWV2,-79.3227644255,-78.7065622520,38.0043614888,38.6600514148,MARFC,"02070005",LWX,SHN,LYWV2,f,"South Fork Shenandoah River near Lynnwood, VA",Lynnwood,"0","0","0","0","0","0","0"
"0","95",PYAV2,-78.8406759069,-78.2264970225,37.8553045256,38.3696433479,MARFC,"02080204",AKQ,JMS,PYAV2,f,"Rivanna River at Palmyra, VA",Palmyra,"0","0","0","0","0","0","0"
"0","96",WAYV2,-79.2405275810,-78.8814094516,37.8817723031,38.0694506779,MARFC,"02070005",LWX,SHN,WAYV2,f,"South River near Waynesboro, VA",Waynesboro,"0","0","0","0","0","0","0"
"0","97",JCKV2,-80.0757777964,-79.5627909117,37.9038445230,38.4845951268,MARFC,"02080201",RNK,JMS,JCKV2,d,"Jackson River below Gathright Dam near Hot Springs, VA",Gathright Dam,"0","0","0","0","0","0","0"
"0","98",BVSV2,-79.6473918394,-79.0436932376,37.7352657499,38.3814602452,MARFC,"02080202",RNK,JMS,BVSV2,f,"Maury River near Buena Vista, VA",Buena Vista,"0","0","0","0","0","0","0"
"0","99",COWV2,-79.8098314498,-79.3250458704,37.7504975550,38.4627636427,MARFC,"02080201",RNK,JMS,COWV2,d,"Cowpasture River near Clifton Forge, VA",Clifton Forge,"0","0","0","0","0","0","0"
"0","100",RMDV2,-78.2126567840,-77.5444593844,37.4753249152,37.8483619891,MARFC,"02080205",AKQ,JMS,RMDV2,f,"James River near Richmond, VA",Richmond,"0","0","0","0","0","0","0"
"0","101",SVEV2,-79.2560259798,-78.4745158938,37.4139466039,38.0461555255,MARFC,"02080203",RNK,JMS,SVEV2,f,"James River at Scottsville, VA",Scottsville,"0","0","0","0","0","0","0"
"0","102",CARV2,-78.7463460345,-77.9961749133,37.3629375350,38.0168825518,MARFC,"02080205",AKQ,JMS,CARV2,f,"James River at Cartersville, VA",Cartersville,"0","0","0","0","0","0","0"
"0","103",CVGV2,-80.3562482566,-79.8058844250,37.5685699649,38.0215347756,MARFC,"02080201",RNK,JMS,CVGV2,f,"Jackson River below Dunlap Creek at Covington, VA",Covington,"0","0","0","0","0","0","0"
"0","104",HRKV2,-79.6982680690,-79.1736981851,37.4488920641,37.8595670578,MARFC,"02080203",RNK,JMS,HRKV2,f,"James River at Holcomb Rock, VA",Holcomb Rock,"0","0","0","0","0","0","0"
"0","105",BECV2,-79.3493278896,-78.7693208851,37.2627972732,37.6180923540,MARFC,"02080203",RNK,JMS,BECV2,f,"James River at Bent Creek, VA",Bent Creek,"0","0","0","0","0","0","0"
"0","106",LIRV2,-80.5029819081,-79.7285001971,37.4317857741,37.9908065892,MARFC,"02080201",RNK,JMS,LIRV2,f,"James River at Lick Run, VA",Lick Run,"0","0","0","0","0","0","0"
"0","107",MTCV2,-78.2445392140,-77.4728751961,37.0769563965,37.4809010272,MARFC,"02080207",AKQ,AMX,MTCV2,f,"Appomattox River at Matoaca, VA",Matoaca,"0","0","0","0","0","0","0"
"0","108",FRMV2,-78.8460202639,-78.3717026426,37.1402252722,37.4588033906,MARFC,"02080207",AKQ,AMX,FRMV2,f,"Appomattox River at Farmville, VA",Farmville,"0","0","0","0","0","0","0"
"0","109",MTXV2,-78.5288976687,-77.8022758597,37.0780812770,37.5531144566,MARFC,"02080207",AKQ,AMX,MTXV2,f,"Appomattox River at Mattoax, VA",Mattoax,"0","0","0","0","0","0","0"
"0","110",BNNV2,-80.5411089707,-79.6615348474,37.2792090306,37.8067937423,MARFC,"02080201",RNK,JMS,BNNV2,f,"James River at Buchanan, VA",Buchanan,"0","0","0","0","0","0","0"
"0","111",WALN6,-75.2051645312,-74.5585158884,42.1287240925,42.4625312640,MARFC,"02040101",BGM,DEL,WALN6,f,"West Branch Delaware River at Walton, NY",Walton,"0","0","0","0","0","0","0"
"0","112",PEPN6,-74.9780272309,-74.4172335848,42.0243926512,42.3668577969,MARFC,"02040102",BGM,DEL,PEPN6,f,"East Branch Delaware River at Downsville, NY",Pepacton,"0","0","0","0","0","0","0"
"0","113",CNNN6,-75.3987018937,-75.0816715213,42.0535807310,42.2617182188,MARFC,"02040101",BGM,DEL,CNNN6,f,"West Branch Delaware River at Stilesville, NY",Cannonsville,"0","0","0","0","0","0","0"
"0","114",HVDN6,-75.1564967963,-74.9159816906,41.9991706634,42.1799734001,MARFC,"02040102",BGM,DEL,HVDN6,f,"East Branch Delaware River at Harvard, NY",Harvard,"0","0","0","0","0","0","0"
"0","115",FSHN6,-75.2300150184,-74.9100059306,41.8752664975,42.0821340915,MARFC,"02040102",BGM,DEL,FSHN6,f,"East Branch Delaware River at Fishs Eddy, NY",Fishs Eddy,"0","0","0","0","0","0","0"
"0","116",NVRN6,-74.7122675826,-74.3577326806,41.8170828874,42.0349405125,MARFC,"02040104",BGM,DEL,NVRN6,f,"Neversink River at Neversink, NY",Neversink,"0","0","0","0","0","0","0"
"0","117",HLEN6,-75.5724397535,-75.3267686059,41.9401890789,42.2221609310,MARFC,"02040101",BGM,DEL,HLEN6,f,"West Branch Delaware River at Hale Eddy, NY",Hale Eddy,"0","0","0","0","0","0","0"
"0","118",CKFN6,-74.9954349607,-74.5254294964,41.8039002142,42.0719836721,MARFC,"02040102",BGM,DEL,CKFN6,f,"Beaver Kill at Cooks Falls, NY",Cooks Falls,"0","0","0","0","0","0","0"
"0","119",CCRN6,-75.4281062133,-74.8155878329,41.6987287026,42.0789757702,MARFC,"02040101",BGM,DEL,CCRN6,f,"Delaware River at Callicoon, NY",Callicoon,"0","0","0","0","0","0","0"
"0","120",BRGN6,-74.7046405116,-74.5416639125,41.6040731260,41.8490123124,MARFC,"02040104",BGM,DEL,BRGN6,f,"Neversink River at Bridgeville, NY",Bridgeville,"0","0","0","0","0","0","0"
"0","121",BRYN6,-75.2125155160,-74.8940662730,41.4891954586,41.7577951643,MARFC,"02040101",BGM,DEL,BRYN6,f,"Delaware River above Lackawaxen River near Barryville, NY",Barryville,"0","0","0","0","0","0","0"
"0","122",HWYP1,-75.4809419750,-75.1705807226,41.4499332335,41.8084227016,MARFC,"02040103",BGM,DEL,HWYP1,f,"Lackawaxen River at Hawley, PA",Hawley,"0","0","0","0","0","0","0"
"0","123",MAWN4,-74.2517099115,-74.0465646910,41.0640011042,41.3610646748,MARFC,"02030103",OKX,PSC,MAWN4,f,"Ramapo River near Mahwah, NJ",Mahwah,"0","0","0","0","0","0","0"
"0","124",WNQN4,-74.4183829835,-74.2132942969,41.0391702096,41.2581439144,MARFC,"02030103",PHI,PSC,WNQN4,f,"Wanaque River at Wanaque, NJ",Wanaque,"0","0","0","0","0","0","0"
"0","125",MTMP1,-75.5284622060,-74.6469320973,41.2079247379,41.8503932813,MARFC,"02040104",BGM,DEL,MTMP1,f,"Delaware River at Port Jervis, NY",Port Jervis,"0","0","0","0","0","0","0"
"0","126",PPTN4,-74.2900920158,-74.1544113581,40.9617963339,41.1212883659,MARFC,"02030103",PHI,PSC,PPTN4,f,"Ramapo River at Pompton Lakes,NJ",Pompton Lakes,"0","0","0","0","0","0","0"
"0","127",MCPN4,-74.5399666144,-74.3791924493,40.9879043467,41.1698142163,MARFC,"02030103",PHI,PSC,MCPN4,f,"Pequannock River at Macopin Intake Dam, NJ",Macopin,"0","0","0","0","0","0","0"
"0","128",PPPN4,-74.4308682857,-74.2256381474,40.9661930135,41.1072051335,MARFC,"02030103",PHI,PSC,PPPN4,f,"Pompton River at Pompton Plains, NJ",Pompton Plains,"0","0","0","0","0","0","0"
"0","129",SHOP1,-75.2103286773,-75.0043017722,41.0787416578,41.3261790929,MARFC,"02040104",PHI,DEL,SHOP1,f,"Bush Kill at Shoemakers, PA",Shoemakers,"0","0","0","0","0","0","0"
"0","130",LODN4,-74.2063145076,-74.0406845118,40.8876642425,41.1240011134,MARFC,"02030103",OKX,PSC,LODN4,f,"Saddle River at Lodi, NJ",Lodi,"0","0","0","0","0","0","0"
"0","131",TKSN4,-75.0906112583,-74.6725406338,40.9993883294,41.3765495087,MARFC,"02040104",PHI,DEL,TKSN4,f,"Delaware River near Delaware Water Gap, PA",Tocks Island,"0","0","0","0","0","0","0"
"0","132",BONN4,-74.4246301191,-74.3863240640,40.8674635797,40.9192408918,MARFC,"02030103",PHI,PSC,BONN4,f,"Rockaway River below Reservoir at Boonton, NJ",Boonton Below,"0","0","0","0","0","0","0"
"0","133",LTFN4,-74.3712417136,-74.1992346842,40.8412119999,40.9835168080,MARFC,"02030103",PHI,PSC,LTFN4,f,"Passaic River at Little Falls, NJ",Little Falls,"0","0","0","0","0","0","0"
"0","134",WHTP1,-75.8270465033,-75.3448944637,41.0198328701,41.2892328644,MARFC,"02040106",PHI,LGH,WHTP1,d,"Lehigh River below Francis E Walter Reservoir near White Haven, PA",White Haven Dam,"0","0","0","0","0","0","0"
"0","135",BOTN4,-74.6347742113,-74.3481334239,40.8249042644,41.0853851919,MARFC,"02030103",PHI,PSC,BOTN4,f,"Rockaway River above Reservoir at Boonton, NJ",Rockaway,"0","0","0","0","0","0","0"
"0","136",MNSP1,-75.4682091897,-75.1305342895,40.8858476677,41.2685092614,MARFC,"02040104",PHI,DEL,MNSP1,f,"Brodhead Creek at Minisink Hills, PA",Minisink Hills,"0","0","0","0","0","0","0"
"0","137",PINN4,-74.6044186823,-74.2490656611,40.7144147340,40.9670416199,MARFC,"02030103",PHI,PSC,PINN4,f,"Passaic River at Pine Brook, NJ",Pine Brook,"0","0","0","0","0","0","0"
"0","138",BVDN4,-75.3154532355,-74.6266360973,40.7741947345,41.2181038687,MARFC,"02040105",PHI,DEL,BVDN4,f,"Delaware River at Belvidere, NJ",Belvidere,"0","0","0","0","0","0","0"
"0","139",MILN4,-74.6005408150,-74.3985235966,40.6761498018,40.7975093655,MARFC,"02030103",PHI,PSC,MILN4,f,"Passaic River near Millington, NJ",Millington,"0","0","0","0","0","0","0"
"0","140",PRRP1,-75.6814731285,-75.3790832286,40.8430985408,41.0154189856,MARFC,"02040106",PHI,LGH,PRRP1,d,"Pohopoco Creek below Beltzville Dam near Parryville, PA",Parryville,"0","0","0","0","0","0","0"
"0","141",CAMN4,-74.6197295773,-74.3544913043,40.6170740101,40.7298576780,MARFC,"02030103",PHI,PSC,CAMN4,f,"Passaic River near Chatham, NJ",Chatham,"0","0","0","0","0","0","0"
"0","142",LHTP1,-76.0081277635,-75.4630602371,40.8016667039,41.1758749074,MARFC,"02040106",PHI,LGH,LHTP1,f,"Lehigh River at Lehighton, PA",Lehighton,"0","0","0","0","0","0","0"
"0","143",RRTN4,-74.8650617995,-74.5654908938,40.5661551756,40.9160229346,MARFC,"02030105",PHI,RTN,RRTN4,f,"North Branch Raritan River near Raritan, NJ",Raritan,"0","0","0","0","0","0","0"
"0","144",STTN4,-75.0561481706,-74.6444414225,40.5524518274,40.9052169305,MARFC,"02030105",PHI,RTN,STTN4,f,"South Branch Raritan River at Stanton, NJ",Stanton,"0","0","0","0","0","0","0"
"0","145",WNTP1,-75.9393730462,-75.2443581129,40.6785272969,40.9076484237,MARFC,"02040106",PHI,LGH,WNTP1,f,"Lehigh River at Walnutport, PA",Walnutport,"0","0","0","0","0","0","0"
"0","146",BDKN4,-74.7103055525,-74.5387929793,40.4656927458,40.5911218490,MARFC,"02030105",PHI,RTN,BDKN4,f,"Raritan River below Calco Dam at Bound Brook, NJ",Bound Brook,"0","0","0","0","0","0","0"
"0","147",ALNP1,-75.7705584355,-75.4716038517,40.5763351303,40.7482837715,MARFC,"02040106",PHI,LGH,ALNP1,f,"Jordan Creek at Allentown, PA",Allentown,"0","0","0","0","0","0","0"
"0","148",MNVN4,-74.9425436843,-74.5781466011,40.4051211540,40.6337156802,MARFC,"02030105",PHI,RTN,MNVN4,f,"Raritan River at Manville, NJ",Manville,"0","0","0","0","0","0","0"
"0","149",RGLN4,-75.4837364057,-74.5405363503,40.4819393633,41.0250969422,MARFC,"02040105",PHI,DEL,RGLN4,f,"Delaware River at Riegelsville, NJ",Riegelsville,"0","0","0","0","0","0","0"
"0","150",BETP1,-75.7338082417,-75.2968417031,40.4591322149,40.8273067562,MARFC,"02040106",PHI,LGH,BETP1,f,"Lehigh River at Bethlehem, PA",Bethlehem,"0","0","0","0","0","0","0"
"0","151",BREP1,-76.3843733901,-75.8314740923,40.5201317029,40.8901249194,MARFC,"02040203",PHI,SCH,BREP1,f,"Schuylkill River at Berne, PA",Berne,"0","0","0","0","0","0","0"
"0","152",BKWN4,-74.8882332081,-74.3718952204,40.1967988125,40.5056037411,MARFC,"02030105",PHI,RTN,BKWN4,f,"Millstone River at Blackwells Mills, NJ",Blackwells Mills,"0","0","0","0","0","0","0"
"0","153",TACN4,-74.8173600070,-74.4370540521,40.1815601776,40.3321046504,MARFC,"02040105",PHI,DEL,TACN4,f,"Assunpink Creek at Trenton, NJ",Trenton,"0","0","0","0","0","0","0"
"0","154",TREN4,-75.4037006149,-74.7715730974,40.1921954314,40.6450404675,MARFC,"02040105",PHI,DEL,TREN4,f,"Delaware River at Trenton, NJ",Trenton,"0","0","0","0","0","0","0"
"0","155",GRAP1,-75.6767857860,-75.1956367995,40.2278335697,40.5003911307,MARFC,"02040203",PHI,SCH,GRAP1,f,"Perkiomen Creek at Graterford, PA",Graterford,"0","0","0","0","0","0","0"
"0","156",LNGP1,-75.3188958201,-74.8765075604,40.1458024289,40.3986555503,MARFC,"02040201",PHI,SCH,LNGP1,f,"Neshaminy Creek near Langhorne, PA",Langhorne,"0","0","0","0","0","0","0"
"0","157",RDRP1,-76.1184048364,-75.6642218688,40.2799543803,40.7346091240,MARFC,"02040203",PHI,SCH,RDRP1,f,"Schuylkill River at Reading, PA",Reading,"0","0","0","0","0","0","0"
"0","158",BMRP1,-76.3955521676,-76.0215289038,40.2970202950,40.5583154750,MARFC,"02040203",PHI,SCH,BMRP1,d,"Tulpehocken Creek at Blue Marsh Damsite near Reading, PA",Blue Marsh Dam,"0","0","0","0","0","0","0"
"0","159",PTNP1,-76.0273157172,-75.6265886838,40.1760594086,40.4665671999,MARFC,"02040203",PHI,SCH,PTNP1,f,"Schuylkill River at Pottstown, PA",Pottstown,"0","0","0","0","0","0","0"
"0","160",PEBN4,-74.6892878452,-74.3716048839,39.8463564298,40.0228646117,MARFC,"02040202",PHI,DEL,PEBN4,f,"North Branch Rancocas Creek at Pemberton, NJ",Pemberton,"0","0","0","0","0","0","0"
"0","161",PADP1,-75.8475814172,-75.1013896040,39.9596936763,40.3184568157,MARFC,"02040203",PHI,SCH,PADP1,f,"Schuylkill River at Philadelphia, PA",Philadelphia,"0","0","0","0","0","0","0"
"0","162",CDFP1,-75.9869348960,-75.5630139152,39.8602875876,40.1466795926,MARFC,"02040205",PHI,SCH,CDFP1,f,"Brandywine Creek at Chadds Ford, PA",Chadds Ford,"0","0","0","0","0","0","0"
"0","163",VSTN6,-76.0702240930,-75.6613911803,42.0352704441,42.3140525873,MARFC,"02050103",BGM,NBS,VSTN6,f,"Susquehanna River at Vestal, NY",Vestal,"0","0","0","0","0","0","0"
"0","164",GCPW2,-78.9786069040,-78.2954147339,38.8039133553,39.5947186374,MARFC,"02070003",LWX,POT,GCPW2,f,"Cacapon River near Great Cacapon, WV",Great Cacapon,"0","0","0","0","0","0","0"
"0","165",WIBP1,-78.5744888853,-78.1775831885,40.2201734174,40.5953980728,MARFC,"02050302",CTP,JUN,WIBP1,f,"Frankstown Branch Juniata River at Williamsburg, PA",Williamsburg,"0","0","0","0","0","0","0"
"0","166",SPKP1,-78.4669955778,-78.1226426209,40.4876968773,40.8004445263,MARFC,"02050302",CTP,JUN,SPKP1,f,"Little Juniata River at Spruce Creek, PA",Spruce Creek,"0","0","0","0","0","0","0"
"0","167",LWBP1,-77.3063291343,-76.3733670379,40.8906272335,41.4269158776,MARFC,"02050206",CTP,WBS,LWBP1,f,"West Branch Susquehanna River at Lewisburg, PA",Lewisburg,"0","0","0","0","0","0","0"
