OBJ_STATUS_,OBJ_IDENTIF,NAME,MIN_X_AXIS_,MAX_X_AXIS_,MIN_Y_AXIS_,MAX_Y_AXIS_,RFC,CWA,CH5_ID,POINT_TYPE,FORECAST_GR,DESCRIPTION,USER_ATTRIB
"0","1",KISF1,-81.7837500000,-80.9757427687,27.7333175857,28.5870833333,SERFC,MFL,KISF1,,LAKEOK,Kissimmi,Kissimmi
"0","2",CHRF1,-81.1473838551,-80.7754166666,28.2246704101,28.5787500000,SERFC,MLB,CHRF1,,STJOHNS,Christmas,St Johns River
"0","3",COCF1,-81.1377125029,-80.5670776367,27.4954833984,28.4163208007,SERFC,MLB,COCF1,,STJOHNS,Coco,St Johns River
"0","4",WCXF1,-83.1170833333,-82.6129166666,29.5495833333,29.8829166666,SERFC,TAE,WCXF1,d,SUWANNEE,Wilcox,Suwannee River
"0","5",FTWF1,-82.8920833333,-82.5212500000,29.8454166666,30.2495833333,SERFC,JAX,FTWF1,d,SUWANNEE,"Ft White-Hwy 129, FL",Santa Fe River
"0","6",RCKF1,-83.0545833333,-82.7712500000,29.6662500000,30.1245833333,SERFC,TAE,RCKF1,f,SUWANNEE,Rock Bluff,Suwannee River
"0","7",ASTF1,-81.5855012471,-81.2754166666,28.9912500000,29.2495833333,SERFC,MLB,ASTF1,f,STJOHNS,St Johns River at Astor,
"0","8",PALF1,-82.3212500000,-81.4527878937,29.0454166666,29.6745833333,SERFC,MLB,PALF1,,STJOHNS,St Johns River at Buffalo Bluff,
"0","9",ABNG1,-84.3420833333,-83.7504166666,31.4745833333,31.8537500000,SERFC,TAE,ABNG1,f,APALACH,"Albany, GA",Flint River
"0","10",SDRV2,-79.7170833333,-79.4962500000,36.5954166666,36.8287500000,SERFC,,SDRV2,f,,"Danville, VA",river
"0","11",DCTG1,-82.5420833333,-81.7795833333,31.6245833333,32.2329166666,SERFC,,DCTG1,d,ALTAMAHA,"Doctortown, GA",Altamaha River
"0","12",EVRG1,-82.0004166666,-81.5587500000,31.3454166666,31.8329166666,SERFC,JAX,EVRG1,f,Altamaha,"Altamaha River NR Everett City, GA",
"0","13",EDSN7,-80.0920833333,-79.6920833333,36.5204166666,36.8454166666,SERFC,RNK,EDSN7,d,ROANOKE,Smith R. at Eden NC,ROANOKE
"0","14",DVLV2,-79.9212500000,-79.3212500000,36.3162500000,36.7287500000,SERFC,RNK,DVLV2,d,ROANOKE,"Danville, VA",Dan River
"0","15",FRNN7,-80.5170833333,-80.2962500000,36.5079166666,36.7787500000,SERFC,RNK,FRNN7,d,ROANOKE,"Francisco, NC",Dan River
"0","16",SSNA1,-86.2462500000,-85.9587500000,31.0870833333,31.5245833333,SERFC,TAE,SSNA1,f,CHOCT,Samson,Pea River
"0","17",GNVA1,-85.8920833333,-85.7087500000,31.0370833333,31.2954166666,SERFC,TAE,GNVA1,d,SALABAMA,Geneva AL,Choctawhatchee River
"0","18",PITF1,-86.3420833333,-85.6587500000,30.8745833333,31.4037500000,SERFC,TAE,PITF1,f,CHOCTA,"Near Pitman, FL",Choctawhatchee R.
"0","19",CARF1,-86.0254166666,-85.5087500000,30.7620833333,31.1162500000,SERFC,TAE,CARF1,d,SALABAMA,Caryville FL,Choctawhatchee River
"0","20",WDAF1,-82.1420833333,-81.6379166666,28.1037500000,28.4704166666,SERFC,TBW,WDAF1,f,CFlorida,,
"0","21",TRBF1,-82.2795833333,-81.9879166666,28.2829166666,28.4870833333,SERFC,TBW,TRBF1,d,CFLORIDA,Trilby FL,Withlacoochee River
"0","22",ELBA1,-86.1879166666,-85.7712500000,31.3787500000,31.8412500000,SERFC,TAE,ELBA1,d,SALABAMA,"Elba AL, Pea River at",Elba River
"0","23",NEWA1,-85.7087500000,-85.2629166666,31.2995833333,31.8787500000,SERFC,TAE,NEWA1,d,SALABAMA,Newton AL,Choctawhatchee  River
"0","24",BELA1,-85.8962500000,-85.3837500000,31.0245833333,31.5995833333,SERFC,TAE,BELA1,f,CHOCT,Bellwood,Choctawhatchee R
"0","25",TMLG1,-84.1504166666,-83.7795833333,30.8287500000,31.4829166666,SERFC,TLH,TMLG1,d,SUWANNEE,Thomasville GA,Ochlokonee River
"0","26",CONF1,-84.3629166666,-83.9879166666,30.6662500000,31.1245833333,SERFC,TAE,CONF1,d,SUWANNEE,"CONCORD, FL - OCHLOCKONEE RIVER",SUWANNEE
"0","27",EFDN7,-78.3420833333,-77.6920833333,36.0995833333,36.4495833333,SERFC,RDU,EFDN7,d,CAPEFEAR,"Enfield, NC",Fishing Creek
"0","28",GLDN7,-78.8462500000,-77.9712500000,35.1745833333,35.7829166666,SERFC,RDU,GLDN7,d,CAPEFEAR,"Goldsboro, NC",Neuse River
"0","29",FAYN7,-79.2462500000,-78.6462500000,35.0079166666,35.5245833333,SERFC,RDU,FAYN7,d,CAPEFEAR,"Fayetteville, NC",Cape Fear River
"0","30",BYNN7,-79.7837500000,-79.1170833333,35.7412500000,36.2412500000,SERFC,RDU,BYNN7,d,CAPEFEAR,"Bynum, NC",Haw River
"0","31",ENON7,-79.2379166666,-78.9045833333,36.0162500000,36.2287500000,SERFC,ILM,ENON7,d,CAPEFEAR,"Durham, NC",Eno River
"0","32",ELZN7,-78.8879166666,-78.5712500000,34.6204166666,34.9704166666,SERFC,ILM,ELZN7,d,CAPEFEAR,"Elizabethtown, NC",Cape Fear River
"0","33",STPN7,-79.3962500000,-78.7087500000,34.8287500000,35.1579166666,SERFC,ILM,STPN7,d,CAPEFEAR,"W.O. Huske Dam, NC",Cape Fear River
"0","34",KINN7,-78.0254166666,-77.5837500000,35.1537500000,35.4579166666,SERFC,MHX,KINN7,d,CAPEFEAR,"Kinston, NC",Neuse River
"0","35",CHIN7,-78.2545833333,-77.6504166666,34.8120833333,35.2287500000,SERFC,ILM,CHIN7,d,CAPEFEAR,"Northeast Cape Fear River near Chinquapin, NC",N.E. Cape Fear River
"0","36",CPFN7,-78.7087500000,-78.2879166666,34.3745833333,34.9329166666,SERFC,ILM,CPFN7,d,CAPEFEAR,"Lock & Dam #1, NC",Cape Fear River
"0","37",HOKN7,-78.3587500000,-77.5754166666,35.3704166666,35.9454166666,SERFC,MHX,HOKN7,d,CAPEFEAR,"Hookerton, NC",Contentnea Creek
"0","38",TARN7,-77.9879166666,-77.3879166666,35.8704166666,36.4454166666,SERFC,RDU,TARN7,d,CAPEFEAR,"Tarboro, NC",Tar River
"0","39",BGWN7,-78.2420833333,-77.7087500000,34.5870833333,34.8870833333,SERFC,ILM,BGWN7,d,CAPEFEAR,"Northeast Cape Fear River near Burgaw, NC",N.E. Cape Fear River
"0","40",RAWV2,-78.3212500000,-77.7962500000,36.9204166666,37.1954166666,SERFC,AKQ,RAWV2,d,CHOWANRV,Rawlings VA,Nottoway River
"0","41",STYV2,-78.0254166666,-77.3920833333,36.8079166666,37.0537500000,SERFC,AKQ,STYV2,d,CHOWANRV,"Stony Creek, VA",Nottoway River
"0","42",EPOV2,-78.0504166666,-77.5337500000,36.6495833333,36.9204166666,SERFC,AKQ,EPOV2,d,CHOWANRV,"Emporia, VA",Meherrin River
"0","43",SEBV2,-77.8754166666,-77.1379166666,36.6662500000,37.2120833333,SERFC,AKQ,SEBV2,d,CHOWANRV,"Sebrell, VA",Nottoway River
"0","44",RONV2,-80.2420833333,-79.9337500000,37.1829166666,37.3912500000,SERFC,RNK,RONV2,d,ROANOKE,"Roanoke, VA",Roanoke River
"0","45",PTTV2,-80.3920833333,-80.0170833333,36.6870833333,36.9662500000,SERFC,,PTTV2,d,ROANOKE,"Philpott Dam, VA",Dan River
"0","46",MANN7,-79.5837500000,-78.9712500000,35.1162500000,35.3870833333,SERFC,ILM,MANN7,f,CAPEFEAR,LITTLE RIVER AT MANCHESTER,CAPEFEAR
"0","47",BASV2,-80.0545833333,-79.9170833333,36.7662500000,36.9204166666,SERFC,RNK,BASV2,d,ROANOKE,"Bassett, VA",Smith River
"0","48",SMIV2,-80.1462500000,-79.5337500000,36.9745833333,37.4620833333,SERFC,RNK,SMIV2,d,ROANOKE,"Smith Mountain Dam, VA",Roanoke River
"0","49",RFDG1,-82.2962500000,-81.8379166666,32.6162500000,33.1370833333,SERFC,CHS,RFDG1,d,SAVANNAH,"Rocky Ford GA,",Ogeechee River
"0","50",GSLS1,-82.7837500000,-82.2962500000,34.8412500000,35.2162500000,SERFC,GSP,GSLS1,d,SANTEE,Saluda R NR Greenville,SANTEE
"0","51",DOCF1,-81.9670833333,-81.7795833333,29.9620833333,30.1287500000,SERFC,JAX,DOCF1,d,SUWANNEE,Black Creek near Doctors Inlet,Black Creek
"0","52",BDNF1,-82.0795833333,-81.7337500000,29.6162500000,29.8954166666,SERFC,JAX,BDNF1,d,SUWANNEE,Etonia Creek at Bardin,Etonia Creek
"0","53",MSSF1,-82.0504166666,-81.5087500000,28.5326060117,29.1662500000,SERFC,MLB,MSSF1,d,ST JOHNS,Ocklawaha River at Moss Bluff,Ocklawaha
"0","54",DNSF1,-81.6587500000,-81.1629166666,29.1412500000,29.6037500000,SERFC,MLB,DNSF1,d,ST JOHNS,Dunns Creek near Satsuma,Dunns Creek
"0","55",ONGF1,-82.5545833333,-81.9504166666,29.2495833333,29.8037500000,SERFC,MLB,ONGF1,d,ST JOHNS,Orange Creek at Orange Springs,Orange Creek
"0","56",SJLF1,-81.9087500000,-81.3504166666,29.5537500000,30.3620833333,SERFC,JAX,SJLF1,d,ST JOHNS,St Johns River at Jacksonville,St Johns River
"0","57",LESV2,-79.5920833333,-79.3420833333,36.9120833333,37.1162500000,SERFC,RNK,LESV2,d,ROANOKE,"Leesville Dam, VA",Roanoke River
"0","58",WNDN7,-77.2420833333,-76.9795833333,36.0329166666,36.2120833333,SERFC,,WNDN7,f,ROANOKE,"at SR 1257 near Windsor, NC",Cashie River
"0","59",PCEV2,-79.6629166666,-79.0462500000,36.2662500000,36.6870833333,SERFC,RNK,PCEV2,d,ROANOKE,"Paces, VA",Dan River
"0","60",DENV2,-79.3045833333,-78.8962500000,36.2162500000,36.6162500000,SERFC,RNK,DENV2,d,ROANOKE,"Denniston, VA",Hyco River
"0","61",HALV2,-79.5879166666,-78.9004166666,36.6912500000,37.0079166666,SERFC,RNK,HALV2,d,ROANOKE,"Halifax, VA",Banister River
"0","62",SBNV2,-79.3337500000,-78.8712500000,36.5579166666,36.7662500000,SERFC,RNK,SBNV2,d,ROANOKE,"South Boston, VA",Dan River
"0","63",KERV2,-78.9629166666,-78.2670833333,36.3204166666,37.2037500000,SERFC,RDU,KERV2,d,ROANOKE,"John H. Kerr Dam, VA",Roanoke River
"0","64",GASN7,-78.4337500000,-77.8087500000,36.4162500000,36.8204166666,SERFC,RDU,GASN7,d,ROANOKE,"Gaston Dam, NC",Roanoke River
"0","65",RAPN7,-77.9045833333,-77.6462500000,36.3954166666,36.5495833333,SERFC,RDU,RAPN7,d,ROANOKE,"Roanoke Rapids Dam, NC",Roanoke River
"0","66",RRDN7,-77.6712500000,-77.5879166666,36.4537500000,36.5162500000,SERFC,RDU,RRDN7,d,ROANOKE,"Roanoke Rapids, NC",Roanoke River
"0","67",SCON7,-77.7462500000,-77.3129166666,36.1954166666,36.4995833333,SERFC,RDU,SCON7,d,ROANOKE,SCOTLAND NECK,ROANOKE R.
"0","68",WLLN7,-77.4962500000,-77.0170833333,35.8037500000,36.2537500000,SERFC,MHX,WLLN7,d,ROANOKE,WILLIAMSTON,ROANOKE R.
"0","69",STNG1,-83.3712500000,-82.9462500000,30.6995833333,31.7495833333,SERFC,JAX,STNG1,d,SUWANNEE,Statenville GA`,Alapaha River
"0","70",LIKF1,-82.9920833333,-82.6920833333,30.2120833333,30.6870833333,SERFC,JAX,LIKF1,d,SUWANNEE,Suwannee Springs FL,Suwannee River
"0","71",HSPF1,-82.6420833333,-82.3629166666,29.7079166666,29.9370833333,SERFC,,HSPF1,d,SUWANNEE,High Springs FL,Santa Fe River
"0","72",WLKN7,-81.6587500000,-81.2212500000,35.9620833333,36.2912500000,SERFC,RNK,WLKN7,d,PEEDEE,"Wilkesboro (W. Kerr Scott) Res, NC",Yadkin River
"0","73",WKSN7,-81.3795833333,-81.1045833333,36.0287500000,36.3787500000,SERFC,RNK,WKSN7,d,PEEDEE,"Wilkesboro, NC",Yadkin River
"0","74",ELKN7,-81.2504166666,-80.8462500000,36.1162500000,36.4037500000,SERFC,RNK,ELKN7,d,PEEDEE,"Elkin, NC",Yadkin River
"0","75",SNFF1,-81.4004166666,-80.9129166666,28.5495833333,29.0412500000,SERFC,MLB,SNFF1,d,STJOHNS,Sanford,
"0","76",WORF1,-82.4545833333,-82.0170833333,29.6912500000,30.2454166666,SERFC,JAX,WORF1,d,SUWANNEE,Worthington Springs,Sante Fe River
"0","77",OLPF1,-82.6254166666,-82.2795833333,29.8787500000,30.2830444494,SERFC,JAX,OLPF1,d,SUWANNEE,Oleno State Park,Sante Fe River
"0","78",FWHF1,-82.7670833333,-82.4462500000,29.5954166666,29.9329166666,SERFC,JAX,FWHF1,d,SUWANNEE,Fort White,Sante Fe River
"0","79",WPKA1,-86.6504166666,-86.0879166666,32.6079166666,32.8454166666,SERFC,BMX,WPKA1,d,ALABAMA,Jordan Dam AL,Coosa River
"0","80",WETA1,-86.3337500000,-86.1129166666,32.5204166666,32.6537500000,SERFC,BMX,WETA1,d,ALABAMA,Wetumpka AL,Coosa River
"0","81",APHG1,-84.2962500000,-84.1295833333,34.0454166666,34.2454166666,SERFC,FFC,APHG1,d,APALACH,"Alpharetta, GA",Big Creek
"0","82",NCRG1,-84.2129166666,-84.0004166666,33.9662500000,34.1829166666,SERFC,,NCRG1,d,APALACH,"Norcross, GA",Chattahoochee River
"0","83",RWLG1,-84.3254166666,-84.1629166666,33.9245833333,34.0995833333,SERFC,,RWLG1,d,APALACH,"Roswell, GA",Chattahoochee River
"0","84",JKNG1,-84.3545833333,-83.7337500000,33.3162500000,33.9120833333,SERFC,,JKNG1,d,ALTAMAHA,Jackson Dam,Ocmulgee River
"0","85",MACG1,-84.2962500000,-83.6045833333,32.8329166666,33.4245833333,SERFC,,MACG1,d,ALTAMAHA,"Macon, GA",Ocmulgee River
"0","86",AUSG1,-84.9712500000,-84.5379166666,33.7245833333,33.9912500000,SERFC,,AUSG1,d,APALACH,"Austell, GA",Sweetwater Creek
"0","87",VING1,-84.5504166666,-84.3379166666,33.8579166666,34.0370833333,SERFC,,VING1,d,APALACH,"Vinings, GA",Chattahoochee River
"0","88",WHTG1,-85.0170833333,-84.5920833333,33.4370833333,33.7579166666,SERFC,,WHTG1,d,APALACH,"Whitesburg, GA",Chattahoochee River
"0","89",CLBG1,-85.4712500000,-84.7129166666,32.6162500000,33.0537500000,SERFC,,CLBG1,d,APALACH,"Barlett's Ferry Dam (Lake Harding), GA",Chattahoochee River
"0","90",CLUG1,-84.7879166666,-84.1337500000,32.6329166666,33.2537500000,SERFC,,CLUG1,d,APALACH,"Culloden, GA",Flint River
"0","91",PRSG1,-84.7087500000,-84.5004166666,32.0245833333,32.3912500000,SERFC,,PRSG1,d,APALACH,"Preston, Ga",Kinchafoonee Creek
"0","92",TLLA1,-86.1295833333,-85.3170833333,32.6704166666,33.3204166666,SERFC,BMX,TLLA1,d,ALABAMA,Martin Dam AL,Tallapoosa River
"0","93",CRRA1,-86.0962500000,-85.3712500000,32.5662500000,32.7579166666,SERFC,BMX,CRRA1,d,ALABAMA,Yates Dam AL,Tallapoosa River
"0","94",WRGF1,-82.4587500000,-82.2420833333,28.1870833333,28.4079166666,SERFC,TBW,WRGF1,d,CFLORIDA,WORTHINGTON GARDENS,Cypress Creek
"0","95",TBCF1,-82.4670833333,-82.3004166666,28.0704166666,28.2412500000,SERFC,TBW,TBCF1,d,CFLORIDA,S-155 STRUCTURE,Hillsborough
"0","96",TSSA1,-85.9462500000,-85.8712500000,32.5329166666,32.6204166666,SERFC,BMX,TSSA1,d,ALABAMA,Thurlow Dam AL,Tallapoosa River
"0","97",MILA1,-85.9420833333,-85.3337500000,32.2870833333,32.6245833333,SERFC,BMX,MILA1,d,ALABAMA,Milstead AL,Tallapoosa River
"0","98",MGYA1,-86.2212500000,-85.5295833333,32.0204166666,32.6829166666,SERFC,BMX,MGYA1,d,ALABAMA,Tallapoosa Wtr Plant AL,Tallapoosa River
"0","99",MGMA1,-86.5587500000,-86.1254166666,32.3537500000,32.7120833333,SERFC,BMX,MGMA1,d,ALABAMA,Montgomery AL,Alabama River
"0","100",CATA1,-86.3295833333,-85.9962500000,32.0370833333,32.3662500000,SERFC,BMX,CATA1,d,ALABAMA,Montgomery-Catoma Cr AL,Catoma Creek
"0","101",TYLA1,-86.8087500000,-86.2462500000,31.9704166666,32.8079166666,SERFC,BMX,TYLA1,d,ALABAMA,R.F. Henry L&D AL,Alabama River
"0","102",SELA1,-87.0295833333,-86.4420833333,31.9745833333,32.9704166666,SERFC,BMX,SELA1,d,ALABAMA,Selma AL,Alabama River
"0","103",CKLA1,-87.2837500000,-86.6587500000,32.8954166666,33.5954166666,SERFC,BMX,CKLA1,d,ALABAMA,Centreville AL,Cahaba River
"0","104",SUTA1,-87.3920833333,-86.9837500000,32.5162500000,33.0787500000,SERFC,BMX,SUTA1,d,ALABAMA,Suttle AL,Cahaba River
"0","105",MNJA1,-87.2629166666,-86.9087500000,32.4329166666,32.9079166666,SERFC,BMX,MNJA1,d,ALABAMA,Marion Junction AL,Cahaba River
"0","106",MRFA1,-87.5504166666,-86.6087500000,31.7245833333,32.7037500000,SERFC,BMX,MRFA1,d,ALABAMA,Millers Ferry L&D AL,Alabama River
"0","107",CLBA1,-87.7587500000,-87.1337500000,31.6037500000,32.2412500000,SERFC,BMX,CLBA1,d,ALABAMA,Claiborne L&D AL,Alabama River
"0","108",SOPF1,-84.6420833333,-84.4670833333,30.1245833333,30.3537500000,SERFC,TLH,SOPF1,d,SUWANNEE,Sopchoppy R. at Sopchoppy,SUWANNEE
"0","109",BBGS1,-81.8420833333,-81.4879166666,35.1204166666,35.6120833333,SERFC,GSP,BBGS1,d,SANTEE,Blackburg SC - Broad River,SANTEE
"0","110",CHBA1,-87.8170833333,-87.0420833333,31.2662500000,31.8912500000,SERFC,BMX,CHBA1,d,ALABAMA,Choctaw Bluff AL,Alabama River
"0","111",LKBM6,-88.4212500000,-88.0754166666,34.0079166666,34.4704166666,SERFC,MEM,LKBM6,d,TOMBIGB1,LOCK B,Tenn-Tom Waterway
"0","112",LKAM6,-88.5337500000,-88.3754166666,33.9537500000,34.0870833333,SERFC,MEM,LKAM6,d,TOMBIGB1,LOCK A,Tenn-Tom Waterway
"0","113",DNNM6,-88.3504166666,-88.2087500000,34.5287500000,34.7495833333,SERFC,MEM,DNNM6,d,TOMBIGB1,BAY SPRINGS L/D,Tenn-Tom Waterway
"0","114",MNTG1,-84.5629166666,-83.9004166666,32.2287500000,32.9162500000,SERFC,,MNTG1,d,APALACH,"Montezuma, GA",Flint River
"0","115",MCKG1,-84.5212500000,-84.0795833333,31.7704166666,32.3162500000,SERFC,,MCKG1,d,APALACH,Muckalee Creek @ SR 195,Muckalee Creek
"0","116",DSNG1,-84.6795833333,-84.2337500000,31.7412500000,32.2245833333,SERFC,,DSNG1,d,APALACH,"Dawson-Leesburg, GA",Kinchafoonee Creek
"0","117",WWCG1,-84.3004166666,-83.6545833333,31.7495833333,32.4162500000,SERFC,,WWCG1,d,APALACH,"Crisp County Dam, GA",Flint River
"0","118",TMTF1,-82.4295833333,-82.3545833333,27.9912500000,28.0537500000,SERFC,TBW,TMTF1,d,CFLORIDA,Tampa Dam FL,Hillsborough River
"0","119",RERF1,-82.2004166666,-81.7043026534,28.3829166666,28.7454166666,SERFC,TBW,RERF1,d,CFLORIDA,Rerdell FL,Little Withlacoochee River
"0","120",CRMF1,-82.2629166666,-82.1545833333,28.4620833333,28.5954166666,SERFC,TBW,CRMF1,d,CFLORIDA,Croom FL,Withlacoochee River
"0","121",HLDF1,-82.4754166666,-81.8754166666,28.4245833333,29.1829166666,SERFC,,HLDF1,f,CFLORIDA,"Holder, FL",Withlacoochie River
"0","122",DNLF1,-82.5712500000,-82.2129166666,28.8537500000,29.3537500000,SERFC,TBW,DNLF1,d,CFLORIDA,"Dunellon, FL",Withlacoochie River
"0","123",INGF1,-82.6212500000,-82.4504166666,28.9912500000,29.1495833333,SERFC,TBW,INGF1,d,CFLORIDA,"Inglis Tailwater, FL",Withlacoochie River
"0","124",ISPF1,-82.7004166666,-82.6087500000,28.9745833333,29.0579166666,SERFC,TBW,ISPF1,d,CFLORIDA,"Inglis Steam Plant, FL",Withlacoochie River
"0","125",LITF1,-82.2337500000,-81.8754166666,27.6912500000,28.0329166666,SERFC,TBW,LITF1,d,CFLORIDA,"Lithia, FL",Alafia River
"0","126",COPN7,-80.9504166666,-80.6504166666,36.3537500000,36.5829166666,SERFC,,COPN7,d,PEEDEE,"Fisher River near Copeland, NC",COPN7
"0","127",ALTV2,-79.5504166666,-79.2920833333,37.0620833333,37.2287500000,SERFC,RNK,ALTV2,d,ROANOKE,"Altavista, VA",Roanoke River
"0","128",ARRN7,-80.8295833333,-80.4670833333,36.3954166666,36.6745833333,SERFC,RNK,ARRN7,d,PEEDEE,"Ararat River at Ararat, NC",ARRN7
"0","129",MCKN7,-81.1712500000,-80.6587500000,35.8037500000,36.0787500000,SERFC,,MCKN7,d,PEEDEE,"South Yadkin River near Mocksville, NC",MCKN7
"0","130",RRSN7,-80.8587500000,-80.3504166666,35.0704166666,35.5995833333,SERFC,,RRSN7,d,PEEDEE,"Rocky River near Stanfield, NC",RRSN7
"0","131",RCKN7,-79.9379166666,-79.7462500000,34.9329166666,35.0787500000,SERFC,,RCKN7,d,PEEDEE,"Rockingham, NC",Peedee River
"0","132",STXA1,-87.7962500000,-87.5379166666,30.5620833333,30.8912500000,SERFC,MOB,STXA1,d,SALABAMA,ELSANOR,Styx River
"0","133",EVGV2,-79.6712500000,-79.2295833333,37.1620833333,37.5287500000,SERFC,,EVGV2,d,ROANOKE,"Evington, VA",Big Otter River
"0","134",BROV2,-79.3670833333,-78.9504166666,36.9704166666,37.3662500000,SERFC,,BROV2,d,ROANOKE,"Brookneal, VA",Roanoke River
"0","135",WIMF1,-82.3587500000,-82.0295833333,27.5704166666,27.7662500000,SERFC,TBW,WIMF1,d,CFLORIDA,"Wimauma, FL",Little Manatee River
"0","136",MKHF1,-82.2337500000,-82.0587500000,27.4662500000,27.6412500000,SERFC,TBW,MKHF1,d,CFLORIDA,"Myakka Head, FL",Manatee River
"0","137",MTDF1,-82.3629166666,-82.1670833333,27.4079166666,27.5912500000,SERFC,TBW,MTDF1,d,CFLORIDA,"Manatee Dam, FL",Manatee River
"0","138",CBUG1,-85.2795833333,-84.6670833333,32.4730000000,32.8662500000,SERFC,,CBUG1,d,APALACH,"Columbus, GA",Chattahoochee River
"0","139",OKFG1,-84.1254166666,-83.7670833333,31.7204166666,31.9954166666,SERFC,,OKFG1,d,APALACH,"Oakfield, GA",Flint River
"0","140",FOGG1,-85.5879166666,-84.4337500000,31.6079166666,32.6579166666,SERFC,,FOGG1,d,APALACH,"Walter F. George Dam, GA",Chattahoochee River
"0","141",COLA1,-85.4254166666,-84.8170833333,31.1787500000,31.7454166666,SERFC,,COLA1,d,APALACH,"Columbia L&D, GA",Chattahoochee River
"0","142",FSHA1,-87.8670833333,-87.7254166666,30.5412500000,30.7454166666,SERFC,,FSHA1,d,SALABAMA,Fish River  at Silverhill 3W,SALABAMA
"0","143",BCRS1,-80.2587500000,-79.7420833333,34.1995833333,34.4787500000,SERFC,,BCRS1,d,PEEDEE,"Black Creek at TV Rd near Quinby, SC",
"0","144",IRCG1,-84.9962500000,-84.5920833333,31.0162500000,31.5787500000,SERFC,,IRCG1,d,APALACH,"Iron City, GA",Spring Creek
"0","145",SWEG1,-84.1004166666,-83.9170833333,33.9995833333,34.1454166666,SERFC,FFC,SWEG1,d,APALACH,"Suwannee Creek near Suwannee, GA",
"0","146",ACDG1,-83.9420833333,-83.5629166666,33.9704166666,34.2995833333,SERFC,FFC,ACDG1,d,ALTAMAHA,"Middle Oconee River near Arcade, GA",
"0","147",TPOM6,-88.9004166666,-88.5962500000,34.2204166666,34.5954166666,SERFC,MEM,TPOM6,d,TOMBIGB1,Tupelo MS,Town Creek
"0","148",NETM6,-89.0504166666,-88.5754166666,33.9912500000,34.3620833333,SERFC,MEM,NETM6,d,TOMBIGB1,Nettleton MS,Town Creek
"0","149",BGBM6,-88.6379166666,-88.3754166666,34.0079166666,34.4537500000,SERFC,MEM,BGBM6,d,TOMBIGB1,Bigbee MS,Tombigbee River
"0","150",AMYM6,-88.6504166666,-88.5004166666,33.9787500000,34.1829166666,SERFC,MEM,AMYM6,d,TOMBIGB1,Amory MS,Tombigbee River
"0","151",ALTF1,-85.4795833333,-85.0337500000,30.4995833333,30.8412500000,SERFC,TAE,ALTF1,d,APALACH,"Altha, FL",Chipola River
"0","152",TMTM6,-88.2754166666,-87.9212500000,34.2204166666,34.3870833333,SERFC,MEM,TMTM6,d,TOMBIGB1,Tremont MS,Bull Mountain Creek
"0","153",ABEM6,-88.5754166666,-88.2879166666,33.8329166666,34.0579166666,SERFC,MEM,ABEM6,d,TOMBIGB1,Aberdeen L&D MS,Tombigbee River
"0","154",TBBM6,-89.1129166666,-88.6170833333,33.4204166666,34.1454166666,SERFC,MEM,TBBM6,d,TOMBIGB1,Tibbee MS,Tibbee Creek
"0","155",CBUM6,-88.8629166666,-88.2504166666,33.3454166666,34.0329166666,SERFC,MEM,CBUM6,d,TOMBIGB1,Columbus L&D MS,Tombigbee River
"0","156",AVLA1,-88.6420833333,-87.8962500000,33.1995833333,33.5870833333,SERFC,BHM,AVLA1,d,TOMBIGB1,Bevill L&D AL,Tombigbee River
"0","157",CLUM6,-88.4462500000,-87.7462500000,33.5037500000,34.0579166666,SERFC,MEM,CLUM6,d,TOMBIGB1,Columbus-Luxapallila MS,Luxapallila Creek
"0","158",MLBA1,-86.8712500000,-86.4420833333,33.9912500000,34.3204166666,SERFC,BHM,MLBA1,d,TOMBIGB1,Mulberry Fork near Garden City,Black Warrior
"0","159",AKLA1,-86.9504166666,-86.7170833333,33.8412500000,34.0870833333,SERFC,BHM,AKLA1,d,TOMBIGB1,Mulberry Fork nr Arkadelphia,Black Warrior
"0","160",CLEA1,-86.6129166666,-86.1337500000,33.9204166666,34.2745833333,SERFC,BHM,CLEA1,d,TOMBIGB1,Locust Fork near Cleveland,Black Warrior
"0","161",MCHA1,-87.6337500000,-87.2254166666,33.8704166666,34.1537500000,SERFC,BHM,MCHA1,d,TOMBIGB1,Blackwater Creek near Manchester,Black Warrior
"0","162",ZFSF1,-82.0587500000,-81.5920883263,27.4829166666,27.9120833333,SERFC,TBW,ZFSF1,d,CFLORIDA,"Zolfo Springs, FL",Peace River
"0","163",GDRF1,-81.8129166666,-81.4545865885,27.2745833333,27.7162792968,SERFC,TBW,GDRF1,d,CFLORIDA,"Gardner, FL",Charlie Creek
"0","164",WEPS1,-82.6212500000,-82.4212500000,34.6579166666,34.8995833333,SERFC,GSP,WEPS1,d,SANTEE,"Pelzer, SC",Saluda River
"0","165",CWAN7,-81.3087500000,-80.8087500000,35.4204166666,35.8287500000,SERFC,GSP,CWAN7,d,SANTEE,"Lake Norman, NC",Catawba River
"0","166",OXFN7,-81.5504166666,-81.1837500000,35.7079166666,35.9954166666,SERFC,GSP,OXFN7,d,SANTEE,"Oxford Res. (Hickory Lake), NC",Catawba River
"0","167",LKSN7,-81.3254166666,-81.0629166666,35.7537500000,36.0412500000,SERFC,GSP,LKSN7,d,SANTEE,"Lookout Shoals Dam, NC",Catawba River
"0","168",BSPN7,-82.5879166666,-81.7004166666,35.1245833333,35.6245833333,SERFC,GSP,BSPN7,d,SANTEE,"Boiling Springs, NC",Broad River
"0","169",LOWN7,-81.7504166666,-81.0795833333,35.2579166666,35.7412500000,SERFC,GSP,LOWN7,f,SANTEE,"Lowell, NC",South Fork Catawba River
"0","170",MCAN7,-81.1004166666,-81.0587500000,35.2620833333,35.2995833333,SERFC,GSP,MCAN7,d,SANTEE,"Mcadenville, NC",South Fork Catawba River
"0","171",FOMS1,-81.3420833333,-80.8212500000,34.9954166666,35.5912500000,SERFC,GSP,FOMS1,d,SANTEE,"Lake Wylie Dam, SC",Catawba River
"0","172",RHIS1,-81.1087500000,-80.9670833333,34.9412500000,35.0454166666,SERFC,GSP,RHIS1,d,SANTEE,"Rock Hill Dam, SC",Catawba River
"0","173",CTBS1,-81.0295833333,-80.6170833333,34.8245833333,35.3162500000,SERFC,CAE,CTBS1,d,SANTEE,"Catawba, SC",Catawba River
"0","174",CHPS1,-82.5420833333,-81.8795833333,34.1662500000,34.9954166666,SERFC,CAE,CHPS1,d,SANTEE,"Lake Greenwood, SC",Saluda River
"0","175",NIXS1,-78.6754166666,-78.3795833333,33.8370833333,33.9412500000,SERFC,ILM,NIXS1,d,PEEDEE,AIW at Nixons Crossroads SC,PEEDEE
"0","176",SOCS1,-79.0129166666,-78.6545833333,33.6537500000,33.8704166666,SERFC,ILM,SOCS1,d,PEEDEE,AIW at Socastee SC,PEEDEE
"0","177",BUCS1,-79.1629166666,-78.9712500000,33.5995833333,33.8370833333,SERFC,ILM,BUCS1,d,PEEDEE,Waccamaw R. at Bucksport SC,PEEDEE
"0","178",CHAS1,-82.2420833333,-81.8379166666,34.0329166666,34.2995833333,SERFC,CAE,CHAS1,d,SANTEE,"Chappels, SC",Saluda River
"0","179",IRMS1,-82.0920833333,-81.2170833333,33.8329166666,34.5787500000,SERFC,CAE,IRMS1,d,SANTEE,"Lake Murray Dam, SC",Saluda River
"0","180",JACG1,-83.8462500000,-83.7504166666,33.3079166666,33.4120833333,SERFC,FFC,JACG1,d,ALTAMAHA,"Ocmulgee River near Jackson, GA",ALTAMAHA
"0","181",ARCF1,-81.9545833333,-81.7420833333,27.2120833333,27.5704166666,SERFC,TBW,ARCF1,d,CFLORIDA,"Arcadia, FL",Peace River
"0","182",DTAS1,-82.4504166666,-81.5004166666,34.5204166666,35.1537500000,SERFC,GSP,DTAS1,d,SANTEE,"Delta, SC",Tyger River
"0","183",CARS1,-82.1337500000,-81.2087500000,34.5912500000,35.5579166666,SERFC,GSP,CARS1,d,SANTEE,"Carslisle, SC",Broad River
"0","184",BLRS1,-82.0129166666,-81.1754166666,34.3037500000,34.8079166666,SERFC,CAE,BLRS1,d,SANTEE,"Blair, SC",Broad River
"0","185",ALTS1,-81.4795833333,-81.3087500000,34.1954166666,34.2787500000,SERFC,CAE,ALTS1,d,SANTEE,"Alston, SC",Broad River
"0","186",PASS1,-81.6004166666,-81.2837500000,34.2037500000,34.4287500000,SERFC,CAE,PASS1,d,SANTEE,"Parr Shoals Dam, SC",Broad River
"0","187",WATS1,-81.2504166666,-80.6170833333,34.3037500000,35.0454166666,SERFC,,WATS1,d,SANTEE,"Lake Wateree Dam, SC",Wateree River
"0","188",CRDA1,-87.3587500000,-86.8920833333,33.6995833333,34.0120833333,SERFC,BHM,CRDA1,d,TOMBIGB1,Mulberry Fork at Cordova,Black Warrior
"0","189",ELRA1,-87.9045833333,-87.5629166666,33.2412500000,34.1245833333,SERFC,BHM,ELRA1,d,TOMBIGB1,Elrod AL,Sipsey River
"0","190",VRNF1,-85.7962500000,-85.4129166666,30.5704166666,31.0787500000,SERFC,TAE,VRNF1,d,SALABAMA,Vernon FL,Holmes Creek
"0","191",FLRV2,-79.1212500000,-78.8170833333,37.0995833333,37.3704166666,SERFC,RNK,FLRV2,f,ROANOKE,"near Naruna, VA",Falling River
"0","192",CUBV2,-78.8629166666,-78.6712500000,37.0787500000,37.3287500000,SERFC,RNK,CUBV2,d,ROANOKE,"at Phenix, VA",Cub Creek
"0","193",RNDV2,-79.0962500000,-78.6962500000,36.8870833333,37.2579166666,SERFC,RNK,RNDV2,f,ROANOKE,"Randolph, VA",Roanoke River
"0","194",BRUF1,-86.1545833333,-85.6879166666,30.4412500000,30.8870833333,SERFC,TAE,BRUF1,d,SALABAMA,Bruce FL,Choctawhatchee River
"0","195",RVFA1,-86.6212500000,-85.6462500000,31.3037500000,32.1454166666,SERFC,MOB,RVFA1,d,SALABAMA,River Falls AL,Conecuh River
"0","196",CHCF1,-85.1629166666,-84.8795833333,30.1245833333,30.4829166666,SERFC,TLH,CHCF1,d,APALACH,CHIPOLA CUTOFF,Appalachicola R.
"0","197",DEDF1,-85.4462500000,-85.1129166666,30.1287500000,30.5329166666,SERFC,TLH,DEDF1,d,APALACH,DEAD LAKE,Chipola R.
"0","198",BENF1,-85.6129166666,-85.3212500000,30.3662500000,30.6287500000,SERFC,,BENF1,d,APALACH,"Bennett, FL",Econfina Creek
"0","199",ARTA1,-85.8629166666,-85.4212500000,31.5579166666,32.1454166666,SERFC,TAE,ARTA1,d,SALABAMA,Ariton AL on Pea River,Pea River
"0","200",YADN7,-80.8504166666,-80.0754166666,35.8454166666,36.2912500000,SERFC,RDU,YADN7,d,PEEDEE,"Yadkin College, NC",Yadkin River
"0","201",ENNN7,-81.0045833333,-80.3170833333,36.0954166666,36.5037500000,SERFC,RNK,ENNN7,d,PEEDEE,"Enon, NC",Yadkin River
"0","202",HGRN7,-81.1337500000,-80.0087500000,35.4912500000,36.1870833333,SERFC,RDU,HGRN7,d,PEEDEE,"High Rock Res., NC",Yadkin River
"0","203",NRWN7,-80.6879166666,-80.1629166666,34.8079166666,35.4912500000,SERFC,RDU,NRWN7,d,PEEDEE,"Norwood, NC",Rocky River
"0","204",HTSS1,-80.4170833333,-80.0795833333,34.3912500000,34.7704166666,SERFC,ILM,HTSS1,d,PEEDEE,"Hartsville, SC",Black Creek
"0","205",BISS1,-80.7004166666,-80.1837500000,34.2495833333,34.8829166666,SERFC,ILM,BISS1,d,PEEDEE,"Bishopville, SC",Lynches River
"0","206",RMSN7,-80.0712500000,-79.5712500000,35.6995833333,36.1370833333,SERFC,RDU,RMSN7,d,CAPEFEAR,Deep R. at Ramseur NC,CAPEFEAR
"0","207",DWSG1,-84.2212500000,-84.0004166666,34.3245833333,34.6662500000,SERFC,FFC,DWSG1,f,Alabama,Dawson,
"0","208",LAAV2,-80.4629166666,-80.0879166666,37.0329166666,37.3579166666,SERFC,RNK,LAAV2,d,CAPEFEAR,Roanoke R. at LaFayette VA,CAPEFEAR
"0","209",SANV2,-80.1420833333,-79.4712500000,36.7745833333,37.0245833333,SERFC,RNK,SANV2,d,ROANOKE,Pigg R. nr Sandy Level VA,ROANOKE
"0","210",RORN7,-81.2212500000,-80.9712500000,36.2370833333,36.4454166666,SERFC,RNK,RORN7,d,PEEDEE,Roaring R. nr Roaring Rvr NC,PEEDEE
"0","211",BLFN7,-80.4129166666,-79.7170833333,34.7662500000,35.9245833333,SERFC,CAE,BLFN7,d,PEEDEE,"Blewett, NC",Pee Dee River
"0","212",DENS1,-81.8712500000,-81.0962500000,33.3454166666,33.8620833333,SERFC,CHS,DENS1,d,PEEDEE,"Denmark, SC",South Fork Edisto River
"0","213",ORBS1,-81.5962500000,-80.7920833333,33.4662500000,33.9329166666,SERFC,CAE,ORBS1,d,PEEDEE,"Orangeburg, SC",North Fork Edisto River
"0","214",LBRN7,-79.3545833333,-78.9795833333,34.5704166666,35.0037500000,SERFC,ILM,LBRN7,d,PEEDEE,"Lumberton, NC",Lumber River
"0","215",CHES1,-80.1754166666,-79.5629166666,34.7120833333,35.1495833333,SERFC,CAE,CHES1,d,PEEDEE,"Cheraw, SC",Pee Dee River
"0","216",EFFS1,-80.2670833333,-79.7212500000,33.9495833333,34.3579166666,SERFC,ILM,EFFS1,d,PEEDEE,"Effingham, SC",Lynches River
"0","217",BRDN7,-79.1920833333,-78.6795833333,34.4162500000,34.9579166666,SERFC,ILM,BRDN7,d,PEEDEE,"Boardman, NC",Lumber River
"0","218",DLLS1,-79.6795833333,-79.2587500000,34.4037500000,34.9954166666,SERFC,ILM,DLLS1,d,PEEDEE,"Dillon, SC",Little Pee Dee River
"0","219",CNWS1,-79.1504166666,-78.6670833333,33.7704166666,34.0412500000,SERFC,ILM,CNWS1,d,PEEDEE,"Conway, SC",Waccamaw River
"0","220",MAXN7,-79.7462500000,-79.2962500000,34.7662500000,35.3162500000,SERFC,ILM,MAXN7,d,PEEDEE,Lumber River at Maxton,Lumber R
"0","221",TRVN7,-78.8712500000,-78.5754166666,36.1412500000,36.4287500000,SERFC,RDU,TRVN7,d,CAPEFEAR,Tar River near Tar River,TAR
"0","222",RNGN7,-78.1587500000,-77.8004166666,36.1829166666,36.4454166666,SERFC,RDU,RNGN7,d,CAPEFEAR,Little Fishing Creek nr White Oak,Little Fishing Cr
"0","223",CNOG1,-82.3879166666,-81.8754166666,32.1454166666,32.7245833333,SERFC,,CNOG1,f,,,
"0","224",MGFG1,-84.4587500000,-84.2170833333,33.9454166666,34.0954166666,SERFC,FFC,MGFG1,f,APALACH,Chattahoochee River at Morgan Falls Dam,Morgan Falls Dam
"0","225",AANG1,-84.4170833333,-84.2004166666,33.7495833333,33.9329166666,SERFC,FFC,AANG1,f,APALACH,"Peachtree Creek at Atlanta, GA",Peachtree Creek
"0","226",CHAG1,-84.4962500000,-84.2545833333,33.7995833333,33.9537500000,SERFC,FFC,CHAG1,f,APALACH,Chattahoochee River at Ga Hwy 280,Ga Hwy 280
"0","227",FBNG1,-84.7337500000,-84.3920833333,33.5579166666,33.9204166666,SERFC,FFC,FBNG1,f,APALACH,"Chattahoochee River near Fairburn, GA","Fairburn, GA"
"0","228",SOUG1,-84.4420833333,-84.1045342880,33.6079166666,33.8287500000,SERFC,FFC,SOUG1,f,ALTAMAHA,"South River at Klondike Rd near Lithonia, GA",South River - Lithonia
"0","229",YLOG1,-84.2212500000,-83.9629166666,33.7202944423,34.0495833333,SERFC,FFC,YLOG1,f,ALTAMAHA,"Yellow River at Pleasant Hill Road, Nr Lithonia, GA",Yellow River - Lithonia
"0","230",ACYG1,-83.9920833333,-83.7004166666,33.6287500000,34.0329166666,SERFC,FFC,ACYG1,f,ALTAMAHA,"Alcovy River near Covington, GA",Alcovy River - Covington
"0","231",OCNG1,-83.5379166666,-82.7670833333,32.7745833333,33.2954166666,SERFC,FFC,OCNG1,f,ALTAMAHA,"Oconee River near Oconee, GA","Oconee, GA"
"0","232",SWIN7,-78.4087500000,-77.9045833333,36.0662500000,36.3620833333,SERFC,RDU,SWIN7,d,CAPEFEAR,Swift Creek near Hilliardston,Swift Cr
"0","233",ROKN7,-78.1754166666,-77.7879166666,35.8871118245,36.0954166666,SERFC,RDU,ROKN7,d,CAPEFEAR,NC 97 AT ROCKY MOUNT,TAR
"0","234",GIVS1,-81.2004166666,-80.2170833333,32.9954166666,33.6287500000,SERFC,CHS,GIVS1,d,PEEDEE,"Givans Ferry, SC",Edisto River
"0","235",GALS1,-79.5462500000,-78.8337500000,34.0037500000,34.6329166666,SERFC,ILM,GALS1,d,PEEDEE,"Galivants Ferry, SC",Little Pee Dee River
"0","236",KINS1,-80.5420833333,-79.7629166666,33.5870833333,34.3495833333,SERFC,ILM,KINS1,d,PEEDEE,"Kingstree, SC",Black River
"0","237",BRWN7,-82.2962500000,-81.8129166666,35.5287500000,36.1245833333,SERFC,GSP,BRWN7,d,SANTEE,"Bridgewater Dam (Lake James), NC",Catawba River
"0","238",RHON7,-81.9004166666,-81.4087500000,35.5787500000,36.1495833333,SERFC,GSP,RHON7,d,SANTEE,=,Catawba River
"0","239",RYEF1,-82.3754166666,-82.3170833333,27.4745833333,27.5412500000,SERFC,TBW,RYEF1,d,CFLORIDA,"Rye Bridge, FL",Manatee River
"0","240",BARF1,-81.9837500000,-81.5670833333,27.8287121582,28.1829166666,SERFC,TBW,BARF1,d,CFLORIDA,"Bartow, FL",Peace River
"0","241",LOVG1,-84.5504166666,-84.3087500000,33.3954166666,33.6662500000,SERFC,FFC,LOVG1,f,APALACH,"FLINT RIVER NEAR LOVEJOY, GA",
"0","242",LING1,-84.7129166666,-84.5129166666,33.3162500000,33.5620833333,SERFC,FFC,LING1,d,APALACH,"LINE CREEK NEAR SENOIA, GA",
"0","243",GRFG1,-84.4670833333,-84.2754166666,33.2079166666,33.4704166666,SERFC,FFC,GRFG1,d,APALACH,"FLINT RIVER NEAR GRIFFIN, GA",
"0","244",MOLG1,-84.7920833333,-84.3420833333,33.0454166666,33.5829166666,SERFC,FFC,MOLG1,f,APALACH,"FLINT RIVER NEAR MOLENA, GA",
"0","245",CMDS1,-80.9795833333,-80.5045833333,34.1287500000,34.5245833333,SERFC,CAE,CMDS1,d,SANTEE,"Camden, SC",Wateree River
"0","246",TLNG1,-85.0254166666,-84.6379166666,34.6370833333,34.8995833333,SERFC,,TLNG1,d,ALABAMA,"Tilton GA, Conasauga River at",Conasauga River
"0","247",GNSA1,-88.5045833333,-87.7212500000,32.8412500000,33.5245833333,SERFC,BHM,GNSA1,d,TOMBIGB1,Gainesville L&D AL,Tombigbee River
"0","248",MCNM6,-89.1754166666,-88.4962500000,32.9120833333,33.4537500000,SERFC,,MCNM6,d,TOMBIGB1,Macon MS,Noxubee River
"0","249",FOWF1,-82.4712500000,-82.3212500000,28.0454166666,28.1870833333,SERFC,TBW,FOWF1,d,CFLORIDA,Fowler Avenue FL,Hillsborough River
"0","250",BLAV2,-80.1295833333,-79.8212500000,36.9829166666,37.1662500000,SERFC,,BLAV2,d,ROANOKE,Rocky Mount VA,Blackwater R
"0","251",SAYA1,-87.0087500000,-86.3379166666,33.6245833333,34.0662500000,SERFC,BHM,SAYA1,d,TOMBIGB1,Locust Fork nr Sayre,Black Warrior
"0","252",GANA1,-88.7587500000,-88.1504166666,32.6829166666,33.2120833333,SERFC,BHM,GANA1,d,TOMBIGB1,Gainesville AL,Tombigbee River
"0","253",ARKA1,-87.6337500000,-86.8170833333,33.9329166666,34.4329166666,SERFC,BHM,ARKA1,d,TOMBIGB1,Lewis Smith Dam AL,Sipsey Fork
"0","254",DLDA1,-88.3170833333,-87.4045833333,32.4079166666,33.0204166666,SERFC,BHM,DLDA1,d,TOMBIGB1,Demopolis L&D AL,Tombigbee River
"0","255",LVNA1,-88.8295833333,-88.1629166666,32.4412500000,32.9245833333,SERFC,BHM,LVNA1,d,TOMBIGB1,Livingston AL,Sucarnoochee River
"0","256",CLDA1,-88.6004166666,-87.5337500000,31.6870833333,32.6495833333,SERFC,MOB,CLDA1,d,TOMBIGB1,Coffeeville L&D AL,Tombigbee River
"0","257",LRYA1,-88.4170833333,-87.7629166666,31.4870833333,31.9079166666,SERFC,MOB,LRYA1,d,TOMBIGB1,Leroy AL,Tombigbee River
"0","258",BCKA1,-88.3795833333,-87.4129166666,30.9829166666,31.9370833333,SERFC,MOB,BCKA1,d,TOMBIGB1,Barry Steam Plant AL,Mobile River
"0","259",SARA1,-88.1545833333,-87.7295833333,30.8120833333,31.1287500000,SERFC,MOB,SARA1,d,TOMBIGB1,Saraland AL,Bayou Sara
"0","260",VRBA1,-86.7004166666,-85.9462500000,32.7787500000,33.3329166666,SERFC,BHM,VRBA1,d,ALABAMA,MITCHELL DAM,Coosa River
"0","261",RSCG1,-84.9712500000,-84.8212500000,34.4704166666,34.6704166666,SERFC,ATL,RSCG1,d,ALABAMA,Resaca GA,Oostanaula River
"0","262",CNNG1,-84.5254166666,-84.0337500000,34.2245833333,34.5995833333,SERFC,ATL,CNNG1,d,ALABAMA,Canton GA,Etowah River
"0","263",ROEG1,-85.1337500000,-84.7754166666,34.0954166666,34.3495833333,SERFC,FFC,ROEG1,d,ALABAMA,"Rome-Etowah, GA",Etowah River
"0","264",RTMG1,-85.3629166666,-84.8670833333,34.2329166666,34.7204166666,SERFC,FFC,RTMG1,d,ALABAMA,Rome-Turner McCall Bridge GA,Oostanaula River
"0","265",GAPA1,-85.9837500000,-85.3379166666,33.7954166666,34.1954166666,SERFC,BHM,GAPA1,d,ALABAMA,Gadsden AL,Coosa River
"0","266",CCSA1,-86.3545833333,-85.5254166666,33.3745833333,33.9537500000,SERFC,,CCSA1,d,ALABAMA,Logan Martin Dam AL,Coosa AL
"0","267",CHLA1,-86.6545833333,-85.8254166666,33.1120833333,33.6954166666,SERFC,BMX,CHLA1,d,ALABAMA,Childersburg AL,Coosa River
"0","268",CLTA1,-86.8045833333,-86.2920833333,32.9579166666,33.4370833333,SERFC,BMX,CLTA1,d,ALABAMA,Lay Dam AL,Coosa River
"0","269",CEAS1,-81.3587500000,-80.8462500000,33.8037500000,34.1204166666,SERFC,CAE,CEAS1,d,SANTEE,"Carolina Eastman, SC",Congaree River
"0","270",SANS1,-81.1087500000,-80.8587500000,33.7370833333,34.0162500000,SERFC,CAE,SANS1,d,SANTEE,"Sandy Run, SC",Congaree River
"0","271",GADS1,-80.9254166666,-80.8629166666,33.7787500000,33.8454166666,SERFC,CAE,GADS1,d,SANTEE,"Congaree Swamp, SC",Congaree River
"0","272",ESTS1,-80.8712500000,-80.4087500000,33.8245833333,34.3912500000,SERFC,CAE,ESTS1,d,SANTEE,"Eastover, SC",Wateree River
"0","273",PNVS1,-81.0170833333,-80.1504166666,33.3787500000,34.0495833333,SERFC,CAE,PNVS1,d,SANTEE,"Lake Marion, SC",Congaree River
"0","274",KGTG1,-85.1962500000,-84.8295833333,33.9037500000,34.2245833333,SERFC,FFC,KGTG1,d,ALABAMA,,
"0","275",JAMS1,-80.1837500000,-79.6629166666,33.2245833333,33.6620833333,SERFC,CHS,JAMS1,d,SANTEE,"Jamestown, SC",Santee River
"0","276",TIGG1,-83.6629166666,-83.4254166666,34.7787500000,35.0412500000,SERFC,,TIGG1,d,SAVANNAH,"Burton Dam, GA",Talullah River
"0","277",JCSS1,-83.1129166666,-82.8295833333,34.9454166666,35.1704166666,SERFC,,JCSS1,d,SAVANNAH,"Jocassee Dam, SC",Keowee River
"0","278",KEOS1,-83.1545833333,-82.7629166666,34.6787500000,35.0870833333,SERFC,,KEOS1,d,SAVANNAH,"Keowee Dam, SC",Seneca River
"0","279",HRTG1,-83.5587500000,-82.5462500000,34.3162500000,35.1245833333,SERFC,,HRTG1,d,SAVANNAH,"Hartwell Dam, GA",Savannah River
"0","280",CARG1,-83.6795833333,-82.9545833333,34.0620833333,34.5912500000,SERFC,,CARG1,d,SAVANNAH,"Carlton Bridge, GA",Broad River
"0","281",BELG1,-83.3670833333,-82.7379166666,33.7204166666,34.1995833333,SERFC,CAE,BELG1,d,SAVANNAH,"Bell, GA",SAVANNAH
"0","282",RBRS1,-83.1087500000,-82.4587500000,34.0204166666,34.6829166666,SERFC,,RBRS1,d,SAVANNAH,"R. B. Russell Dam, SC",Savannah River
"0","283",MODS1,-82.3170833333,-81.7879166666,33.7245833333,34.1954166666,SERFC,,MODS1,d,SAVANNAH,"Modoc, SC",Stevens Creek
"0","284",CHDS1,-83.1754166666,-82.1754166666,33.4454166666,34.4829166666,SERFC,CAE,CHDS1,d,SAVANNAH,CLARK HILL DAM,Savannah
"0","285",MNIG1,-82.3004166666,-82.1129166666,30.4829166666,30.6537500000,SERFC,JAX,MNIG1,d,SUWANNEE,Moniac GA,St. Marys River
"0","286",ARHF1,-82.0879166666,-81.8754166666,27.1912500000,27.6454166666,SERFC,TBW,ARHF1,d,CFLORIDA,"Arcadia, FL",Horse Creek
"0","287",ELFF1,-82.6670833333,-82.4420833333,28.1495833333,28.3245833333,SERFC,TBW,ELFF1,d,CFLORIDA,"Elfers, FL",Anclote River
"0","288",PNYF1,-82.0254166666,-81.7295833333,29.8037500000,29.9912500000,SERFC,JAX,PNYF1,d,SUWANNEE,Penney Farms FL,South Fork Black Creek
"0","289",MACF1,-82.4295833333,-82.0670833333,30.1079166666,30.5495833333,SERFC,JAX,MACF1,d,SUWANNEE,Macclenny FL,St Marys River
"0","290",MDLF1,-82.0629166666,-81.8295833333,29.9412500000,30.3162500000,SERFC,JAX,MDLF1,d,SUWANNEE,Middleburg FL,North Fork Black Creek
"0","291",RDBG1,-84.8879166666,-84.5212500000,34.2870833333,34.7120833333,SERFC,ATL,RDBG1,d,ALABAMA,Redbud GA (Pine Chapel),Coosawattee River
"0","292",LKEM6,-88.3837500000,-88.2004166666,34.4120833333,34.5829166666,SERFC,MEM,LKEM6,d,TOMBIGB1,Lock E MS,Tenn-Tom Waterway
"0","293",BOOM6,-88.5170833333,-88.3670833333,34.6079166666,34.7537500000,SERFC,MEM,BOOM6,d,TOMBIGB1,Booneville MS,Big Brown Creek
"0","294",NEWM6,-88.4337500000,-88.3045833333,34.5245833333,34.7037500000,SERFC,MEM,NEWM6,d,TOMBIGB1,New Site MS,LIttle Brown Creek
"0","295",MRTM6,-88.5629166666,-88.3670833333,34.4245833333,34.6495833333,SERFC,MEM,MRTM6,d,TOMBIGB1,Marietta MS,Tombigbee River
"0","296",GUNM6,-88.7462500000,-88.5504166666,34.4329166666,34.7120833333,SERFC,MEM,GUNM6,d,TOMBIGB1,Guntown MS,Twenty Mile Creek
"0","297",FULM6,-88.5962500000,-88.4170833333,34.2579166666,34.6037500000,SERFC,MEM,FULM6,d,TOMBIGB1,Fulton MS,Tombigbee River
"0","298",NOCG1,-83.8045833333,-83.3129166666,33.9620833333,34.3870833333,SERFC,,NOCG1,d,ALTAMAHA,"Athens, GA",North Oconee River
"0","299",BWKG1,-83.9545833333,-83.4379166666,33.7704166666,34.0495833333,SERFC,,BWKG1,d,ALTAMAHA,"Bostwick, GA",Apalachee River
"0","300",PNFG1,-83.6837500000,-83.1545833333,33.7079166666,34.0495833333,SERFC,,PNFG1,d,ALTAMAHA,"Penfield, GA",Oconee River
"0","301",FREN7,-78.8545833333,-78.2337500000,34.0370833333,34.5912500000,SERFC,,FREN7,d,PEEDEE,"Freeland, NC",Waccamaw River
"0","302",LNGS1,-78.9087500000,-78.4170833333,33.8870833333,34.3037500000,SERFC,,LNGS1,d,PEEDEE,"Longs, SC",Waccamaw River
"0","303",COWS1,-82.3920833333,-81.8379166666,35.0245833333,35.2787500000,SERFC,GSP,COWS1,d,SANTEE,COWPENS,PACOLET RIVER
"0","304",BCNA1,-87.2420833333,-87.0504166666,31.1162500000,31.5495833333,SERFC,MOB,BCNA1,f,SALABAMA,Near Brewton,Burnt Corn Cr
"0","305",STNA1,-87.4420833333,-87.2337500000,31.1245833333,31.4662500000,SERFC,MOB,STNA1,f,SALABAMA,Stanley Crossroads,Big Escambia Cr
"0","306",MTLG1,-83.7629166666,-83.4629166666,33.2204166666,33.5204166666,SERFC,,MTLG1,d,ALTAMAHA,"Monticello, GA",Murder Creek
"0","307",EANG1,-83.7545833333,-83.3670833333,33.3079166666,33.6579166666,SERFC,,EANG1,d,ALTAMAHA,"Eatonton, GA",Little River
"0","308",WDMG1,-83.7337500000,-83.0754166666,33.3412500000,33.8454166666,SERFC,,WDMG1,d,ALTAMAHA,"Wallace Dam (Lake Oconee), GA",Oconee River
"0","309",SNCG1,-83.7129166666,-82.9212500000,33.0287500000,33.5287500000,SERFC,,SNCG1,d,ALTAMAHA,"Sinclair Dam, GA",Oconee River
"0","310",MLGG1,-83.4587500000,-83.1337500000,32.9954166666,33.1495833333,SERFC,,MLGG1,d,ALTAMAHA,"Millegeville, GA",Oconee River
"0","311",BLDA1,-87.6212500000,-86.6254166666,33.2912500000,34.0870833333,SERFC,BHM,BLDA1,d,TOMBIGB1,Bankhead L&D AL,Black Warrior River
"0","312",MDVG1,-83.1004166666,-82.2295833333,32.7079166666,33.6162500000,SERFC,,MDVG1,d,SAVANNAH,"Midville, GA",Ogeechee River
"0","313",AGTG1,-82.4379166666,-81.8545833333,33.4079166666,33.8037500000,SERFC,CAE,AGTG1,d,SAVANNAH,"Stevens Creek Dam, GA",Savannah River
"0","314",AGSG1,-82.1420833333,-81.9295833333,33.4537500000,33.5870833333,SERFC,CAE,AGSG1,d,SAVANNAH,"Augusta 5th Street, GA",Savannah River
"0","315",AUGG1,-82.1920833333,-81.6837500000,33.3579166666,33.7204166666,SERFC,,AUGG1,d,SAVANNAH,Augusta/ Butler Creek,Savannah River
"0","316",MTSF1,-83.0254166666,-82.7462500000,29.4870833333,29.6120833333,SERFC,TLH,MTSF1,d,SUWANNEE,Manatee Springs FL,Suwannee River
"0","317",FWBF1,-83.0629166666,-82.8129166666,29.3787500000,29.5287500000,SERFC,TLH,FWBF1,d,SUWANNEE,Fowlers Bluff FL,Suwannee River
"0","318",QCYF1,-84.6295833333,-84.3212500000,30.5829166666,30.9079166666,SERFC,TLH,QCYF1,d,SUWANNEE,Quincy FL,Little Rive
"0","319",MIDF1,-84.6795833333,-84.4254166666,30.4954166666,30.6704166666,SERFC,TLH,MIDF1,d,SUWANNEE,Midway FL,Little River
"0","320",BLXF1,-84.8087500000,-84.2379166666,30.3412500000,30.6079166666,SERFC,TLH,BLXF1,d,SUWANNEE,Bloxham FL,Ochlockonee River
"0","321",CHGA1,-86.7545833333,-86.4254166666,33.3787500000,33.7454166666,SERFC,BMX,CHGA1,d,ALABAMA,Cahaba Heights AL,Cahaba River
"0","322",TCLA1,-87.5045833333,-87.0962500000,33.2120833333,33.5620833333,SERFC,BHM,TCLA1,d,TOMBIGB1,Holt Lock & Dam AL,Black Warrior River
"0","323",MORF1,-82.3337500000,-82.1004166666,27.9162500000,28.2662500000,SERFC,TBW,MORF1,d,CFLORIDA,Morris Bridge FL,Hillsborough River
"0","324",LKDM6,-88.4337500000,-88.3629166666,34.3829166666,34.4620833333,SERFC,MEM,LKDM6,d,TOMBIGB1,LOCK D,Tenn-Tom Waterway
"0","325",SAMA1,-87.7254166666,-87.4754166666,33.4787500000,33.8370833333,SERFC,BHM,SAMA1,d,TOMBIGB1,Samantha AL,North River
"0","326",TODA1,-87.7420833333,-87.2087500000,33.1245833333,33.5537500000,SERFC,BHM,TODA1,d,TOMBIGB1,Oliver L&D AL,Black Warrior River
"0","327",WLDA1,-87.9420833333,-87.2462500000,32.6829166666,33.3370833333,SERFC,BHM,WLDA1,d,TOMBIGB1,Selden L&D AL,Black Warrior River
"0","328",CONN7,-77.4754166666,-77.2879166666,35.7662500000,35.9787500000,SERFC,RDU,CONN7,d,CAPEFEAR,Conetoe Creek near Bethel,Conetoe Cr
"0","329",PGVN7,-77.8962524678,-77.3670833333,35.5620833333,35.9245833333,SERFC,,PGVN7,d,CAPEFEAR,GREENVILLE,TAR
"0","330",HAWG1,-84.1629166666,-83.3170833333,32.2745833333,33.0787500000,SERFC,,HAWG1,d,ALTAMAHA,"Hawkinsville, GA",Ocmulgee River
"0","331",DBNG1,-83.5337500000,-82.7212500000,32.5245833333,32.9162500000,SERFC,,DBNG1,d,ALTAMAHA,"Dublin, GA",Oconee River
"0","332",MTVG1,-83.3712500000,-82.5087500000,32.1704166666,32.6870833333,SERFC,,MTVG1,d,ALTAMAHA,"Mount Vernon, GA",Oconee River
"0","333",AYSG1,-83.2212500000,-82.3170833333,31.0620833333,31.7287500000,SERFC,,AYSG1,d,ALTAMAHA,"Waycross, GA",Satilla River
"0","334",LBRG1,-83.4420833333,-82.6254166666,31.6787500000,32.0370833333,SERFC,,LBRG1,d,ALTAMAHA,"Lumber City, GA",Ocmulgee River
"0","335",CHRG1,-83.3545833333,-82.5045833333,31.8454166666,32.6204166666,SERFC,,CHRG1,d,ALTAMAHA,"Charlotte, GA",Altamaha River
"0","336",BAXG1,-82.5504166666,-82.3545833333,31.8287500000,32.1162500000,SERFC,,BAXG1,d,ALTAMAHA,"Baxley, Ga",Altamaha River
"0","337",ATKG1,-82.8129166666,-81.8212500000,31.0537500000,31.8620833333,SERFC,,ATKG1,d,ALTAMAHA,"Atkinson, GA",Satilla River
"0","338",WEKF1,-81.6504166666,-81.3504166666,28.5245833333,28.8454166666,SERFC,MLB,WEKF1,d,STJOHNS,Wekeiva,
"0","339",DLAF1,-81.7754166666,-81.2545833333,28.8037500000,29.1537500000,SERFC,,DLAF1,d,STJOHNS,De Land,
"0","340",ALAG1,-83.7587500000,-83.1670833333,31.3704166666,32.0579166666,SERFC,TAE,ALAG1,f,Suwannee,,
"0","341",MOCG1,-83.6087500000,-83.4087500000,33.9329166666,34.0745833333,SERFC,FFC,MOCG1,f,ALTAMAHA,"Middle Oconee River near Athens, GA",
"0","342",HAWN7,-80.0504166666,-79.2879166666,35.9912500000,36.3704166666,SERFC,RDU,HAWN7,d,CAPEFEAR,"Haw River, NC",Haw River
"0","343",BAHN7,-79.1254166666,-78.7962500000,36.1454166666,36.3870833333,SERFC,ILM,BAHN7,d,CAPEFEAR,"below Bahama Dam, NC",Flat River
"0","344",TREF1,-82.8337500000,-82.7004166666,29.7037500000,29.9454166666,SERFC,JAX,TREF1,d,SUWANNEE,Three Rivers Estates FL,Santa Fe River
"0","345",BENS1,-80.3712500000,-79.6920833333,34.5120833333,34.8995833333,SERFC,ILM,BENS1,f,PEEDEE,Near Bennettsville 10SW,Pee Dee River
"0","346",PDES1,-80.0837500000,-79.4504166666,34.2037500000,34.8537500000,SERFC,CAE,PDES1,f,PDES1,"Pee Dee, SC",Pee Dee River
"0","347",ZPHF1,-82.3004166666,-81.9545833333,28.0120833333,28.3037500000,SERFC,TBW,ZPHF1,d,CFLORIDA,Zephr Hills St. Park FL,Hillsborough River
"0","348",MONN7,-79.8379166666,-79.1129166666,35.2620833333,35.8704166666,SERFC,RDU,MONN7,d,CAPEFEAR,"Moncure, NC",Deep River
"0","349",NHPN7,-79.2045833333,-78.8379166666,35.6579166666,36.0370833333,SERFC,RDU,NHPN7,d,CAPEFEAR,"Jordan Dam, NC",Haw River
"0","350",MOHN7,-79.1545833333,-78.9795833333,35.5787500000,35.6870833333,SERFC,RDU,MOHN7,d,CAPEFEAR,"Moncure, NC",Cape Fear River
"0","351",LOUN7,-78.6420833333,-78.2379166666,36.0787500000,36.3829166666,SERFC,,LOUN7,d,CAPEFEAR,"Louisburg, NC",Tar River
"0","352",PNTN7,-78.4712500000,-78.1045833333,35.5120833333,36.0245833333,SERFC,RDU,PNTN7,d,CAPEFEAR,"Princeton, NC",Little River
"0","353",SMFN7,-78.4379166666,-78.2754166666,35.4954166666,35.6912500000,SERFC,RDU,SMFN7,d,CAPEFEAR,"Smithfield, NC",Neuse River
"0","354",LXRN7,-78.5420833333,-77.8545831985,35.7995833333,36.1495833333,SERFC,RDU,LXRN7,d,CAPEFEAR,Laxley Crossroads,Tar River
"0","355",LLLN7,-79.1754166666,-78.7420833333,35.3912500000,35.7329166666,SERFC,RDU,LLLN7,d,CAPEFEAR,"Lillington, NC",Cape Fear River
"0","356",MHDA1,-85.8420833333,-84.9170833333,33.2412500000,33.9329166666,SERFC,BMX,MHDA1,d,ALABAMA,Harris Dam AL,Tallapoosa River
"0","357",WDLA1,-85.8545833333,-85.3754166666,33.1162500000,33.3704166666,SERFC,BMX,WDLA1,d,ALABAMA,Wadley AL,Tallapoosa River
"0","358",LKCM6,-88.4545833333,-88.3004166666,34.2454166666,34.4454166666,SERFC,MEM,LKCM6,d,TOMBIGB1,Lock C MS,Tenn-Tom Waterway
"0","359",UPBA1,-87.0670833333,-86.5629166666,31.4495833333,31.9495833333,SERFC,MOB,UPBA1,d,SALABAMA,U.S. Brewton-McKenzie AL,Sepulga River
"0","360",BWTA1,-87.0712500000,-86.3962500000,31.0037500000,31.9954166666,SERFC,MOB,BWTA1,d,SALABAMA,Brewton-Conecuh AL,Conecuh River
"0","361",BWMA1,-87.1629166666,-86.8629166666,31.0954166666,31.7287500000,SERFC,MOB,BWMA1,d,SALABAMA,Brewton-Murder Cr. AL,Murder Creek
"0","362",FLMA1,-87.5754166666,-87.2545833333,30.9995833333,31.2287500000,SERFC,MOB,FLMA1,d,SALABAMA,Flomaton AL,Big Escambia Creek
"0","363",CTYF1,-87.3379166666,-87.0295833333,30.9412500000,31.3245833333,SERFC,MOB,CTYF1,d,SALABAMA,Century FL,Escambia River
"0","364",CRVF1,-86.5962500000,-86.0754166666,30.6287500000,31.0412500000,SERFC,MOB,CRVF1,d,SALABAMA,Crestview FL,Shoal River
"0","365",BAKF1,-86.8212500000,-86.5545833333,30.8120833333,31.1495833333,SERFC,MOB,BAKF1,d,SALABAMA,Baker FL,Blackwater River
"0","366",MLNF1,-87.1795833333,-86.8879166666,30.6995833333,31.0370833333,SERFC,MOB,MLNF1,d,SALABAMA,Milton-Big Coldwater Cr. FL,Big Coldwater Creek
"0","367",MTNF1,-87.1045833333,-86.6795833333,30.6120833333,31.0454166666,SERFC,MOB,MTNF1,d,SALABAMA,Milton-Blackwater R. FL,Blackwater River
"0","368",BRPF1,-87.7837500000,-87.3754166666,30.6787500000,31.1579166666,SERFC,MOB,BRPF1,d,SALABAMA,Barrineau Park FL,Perdido River
"0","369",ETNG1,-84.9045833333,-84.5004166666,34.8245833333,35.0995833333,SERFC,FFC,ETNG1,d,Alabama,,
"0","370",HOLG1,-84.8045833333,-84.5837500000,34.7120833333,34.8620833333,SERFC,FFC,HOLG1,f,Alabama,,
"0","371",CHCG1,-85.0795833333,-84.7962500000,34.6870833333,35.1579166666,SERFC,FFC,CHCG1,f,Alabama,,
"0","372",MKAF1,-82.2712500000,-82.0129166666,27.3037500000,27.5245833333,SERFC,TBW,MKAF1,f,CFlorida,,
"0","373",MKCF1,-82.3629166666,-82.1337500000,27.1954166666,27.4120833333,SERFC,TBW,MKCF1,d,CFLORIDA,"Sarasota State Park, FL",Myakka River
"0","374",HVNF1,-84.4337500000,-84.2629166666,30.5454166666,30.7287500000,SERFC,TLH,HVNF1,d,SUWANNEE,Havana FL,Ochlockonee River
"0","375",CHKA1,-88.3045833333,-88.1212500000,30.7954166666,31.0579166666,SERFC,MOB,CHKA1,f,CHICKASAW,Near Kushla,Chickasaw Creek
"0","376",OKGF1,-86.6254166666,-86.1545833333,30.9079166666,31.5245833333,SERFC,MOB,OKGF1,f,SALABAMA,"Near Oak Grove, FL",Yellow River
"0","377",MLGF1,-86.6837500000,-86.4795833333,30.7495833333,31.0079166666,SERFC,MOB,MLGF1,d,SALABAMA,MIlligan FL,Yellow River
"0","378",GENF1,-81.1962500000,-80.8254166666,28.4579166666,28.8079166666,SERFC,MLB,GENF1,d,STJOHNS,Above L Harney nr Geneva FL,Saint Johns River
"0","379",HDSV2,-79.8129166666,-79.5087500000,37.1037500000,37.4829166666,SERFC,,HDSV2,d,ROANOKE,"Huddleston, VA",Goose Creek
"0","380",NUDN7,-79.1379166666,-78.4962500000,35.8912500000,36.2829166666,SERFC,RDU,NUDN7,d,CAPEFEAR,FALLS DAM,NUESE R.
"0","381",CRBN7,-78.8712500000,-78.5962500000,35.7454166666,35.9495833333,SERFC,RDU,CRBN7,d,CAPEFEAR,Crabtree Cr. at US1 at Raleigh NC,CAPEFEAR
"0","382",CLYN7,-78.7712500000,-78.3754166666,35.6329166666,36.0454166666,SERFC,RDU,CLYN7,d,CAPEFEAR,CLAYTON,NUESE R.
"0","383",CVLG1,-84.7587500000,-84.2420833333,33.9370833333,34.4120833333,SERFC,ATL,CVLG1,d,ALABAMA,Allatoona Dam GA,Etowah River
"0","384",CTVG1,-84.9920833333,-84.7087500000,33.8120833333,34.3037500000,SERFC,FFC,CTVG1,f,Alabama,,
"0","385",WDRF1,-85.2379166666,-84.5129166666,30.7037500000,31.3579166666,SERFC,TLH,WDRF1,d,APALACH,WOODRUFF DAM,Appalachicola R.
"0","386",BLOF1,-85.1379166666,-84.6129166666,30.4162500000,30.7579166666,SERFC,,BLOF1,d,APALACH,"Blountstown, FL",Appalachicola River
"0","387",FGOG1,-82.8004166666,-82.1212500000,30.6620833333,31.2329166666,SERFC,JAX,FGOG1,f,SUWANNEE,"Near Fargo, GA",Suwannee River
"0","388",WSPF1,-82.9837500000,-82.2587500000,30.1912500000,31.1412500000,SERFC,JAX,WSPF1,d,SUWANNEE,White Springs FL,Suwannee River
"0","389",OKAG1,-83.8545833333,-83.5004166666,30.8079166666,31.3787500000,SERFC,TAE,OKAG1,f,SUWANNEE,Near Quitman,Okapilko Creek
"0","390",PINF1,-83.8337500000,-83.1712500000,30.5829166666,30.9662500000,SERFC,TLH,PINF1,d,SUWANNEE,Pinetta FL,Withlacoochee River
"0","391",LAMF1,-83.9879166666,-83.4379166666,30.3120833333,30.9370833333,SERFC,TLH,LAMF1,d,SUWANNEE,Lamont FL,Aucilla River
"0","392",ADLG1,-83.8879166666,-83.4420833333,31.1454166666,31.7537500000,SERFC,TAE,ADLG1,f,SUWANNEE,"Near Adel, GA",Little River
"0","393",WETG1,-85.3754166666,-84.7462500000,32.9079166666,33.5620833333,SERFC,ATL,WETG1,d,APALACH,WEST POINT DAM,Chattahoochee R.
"0","394",MLFG1,-84.8754166666,-84.4587500000,31.3579166666,31.9954166666,SERFC,,MLFG1,d,APPALACH,"Milford, GA",Ichawaynochaway Creek
"0","395",NEWG1,-84.4045833333,-83.9212500000,31.2704166666,31.6704166666,SERFC,,NEWG1,d,APALACH,"Newton, GA",Flint River
"0","396",ELLF1,-83.5212500000,-82.9129166666,30.3495833333,31.0662500000,SERFC,JAX,ELLF1,d,SUWANNEE,Ellaville FL,Suwannee River
"0","397",DOUF1,-83.5712500000,-83.0212500000,30.1870833333,30.4787500000,SERFC,TAE,DOUF1,f,SUWANNEE,"Dowling Park FL, Suwannee Rvr",SUWANNEE
"0","398",LURF1,-83.4045833333,-83.1212500000,30.0620833333,30.2704166666,SERFC,TAE,LURF1,f,SUWANNEE,"Near Luraville, FL",Suwannee River
"0","399",BFDF1,-83.2087500000,-82.8087500000,29.8787500000,30.3537500000,SERFC,TLH,BFDF1,f,SUWANNEE,Branford FL,Suwannee River
"0","400",HMTA1,-88.0420833333,-87.6087500000,34.0495833333,34.3037500000,SERFC,BMX,HMTA1,f,TOMBIGB1,Buttahatchee River,"Hamilton, AL"
"0","401",ABDM6,-88.3504166666,-87.8545833333,33.7787500000,34.2662500000,SERFC,MEM,ABDM6,d,TOMBIGB1,Aberdeen-Buttahatchee MS,Buttahatchee Creek
"0","402",LK2F1,-81.6587207031,-80.8276977539,26.9496245659,27.8660779553,SERFC,MFL,LK2F1,,LAKEOK,Downsteam Kissimmi,Kissimmi R
"0","403",KSEF1,-81.2827719734,-80.8963208007,27.1790255761,27.8169134049,SERFC,MFL,KSSF1,,LAKEOK,Kissimmi,Kissimmi
"0","404",LKOF1,-81.1325234776,-80.6009357034,26.6794695091,27.1903446574,SERFC,MFL,LKOF1,,LAKEOK,Lake Okeechobee,Lake Okeechobee
"0","405",LK1F1,-81.3253960161,-81.1287891847,26.9008501855,27.0204679169,SERFC,MFL,LK1F1,,LAKEOK,Downstream Palmdale,Fisheating Cr
"0","406",PLMF1,-81.6545833333,-81.3087500000,26.8954166666,27.3412500000,SERFC,MFL,PLMF1,,LAKEOK,Palmdale,Fisheating Creek
"0","407",ABBG1,-83.8337500000,-83.1295833333,31.9412500000,32.4037500000,SERFC,FFC,ABBG1,f,ALTAMAHA,"Abbeville, GA",Ocmulgee River
"0","408",MOCP4,-67.1204035392,-66.8861298961,18.2669874661,18.4026414761,SERFC,SJU,MOCP4,,PRIVERS,Moca,Rio Culebrinas
"0","409",SEBP4,-67.0608988661,-66.7504758861,18.1309173395,18.3114279370,SERFC,SJU,SEBP4,,PRIVERS,San Sebastian,Rio Grande de Anasco
"0","410",HORP4,-67.1678408310,-66.9127613582,18.0514390698,18.2136497345,SERFC,SJU,HORP4,,PRIVERS,Hormigueros,Rio Guanajibo
"0","411",AREP4,-66.7710458944,-66.5318463571,18.1103575481,18.4287933159,SERFC,SJU,AREP4,,PRIVERS,Arecibo,Rio Grande de Arecibo
"0","412",MANP4,-66.5930862598,-66.4472537243,18.2156987673,18.4310457351,SERFC,SJU,MANP4,,PRIVERS,Manati,Rio Grande de Manati
"0","413",CIAP4,-66.5477350163,-66.2788789884,18.1496575710,18.3333043918,SERFC,SJU,CIAP4,,PRIVERS,Ciales,Rio Grande de Manati
"0","414",VGBP4,-66.4663438304,-66.2559708611,18.2468643913,18.4478450285,SERFC,SJU,VGBP4,,PRIVERS,Vega Baja,Rio Cibuco
"0","415",TOAP4,-66.3262224516,-66.1528842881,18.1576754156,18.4127192332,SERFC,SJU,TOAP4,,PRIVERS,Toa Alta,Rio de la Plata
"0","416",RPOP4,-66.0811054891,-66.0234533687,18.3138324836,18.4111920247,SERFC,SJU,RPOP4,,PRIVERS,Hato Rey,Rio Piedras
"0","417",COAP4,-66.3903652081,-66.2250448892,18.0534434363,18.1763837196,SERFC,SJU,COAP4,,PRIVERS,Coamo,Rio Coamo
"0","418",COMP4,-66.3494920064,-66.0520885279,18.0461891959,18.2473775334,SERFC,SJU,COMP4,,PRIVERS,Comerio,Rio de la Plata
"0","419",CAGP4,-66.1349395884,-65.9211304000,18.0778787721,18.2431990910,SERFC,SJU,CAGP4,,PRIVERS,Caguas,Rio Grande de Loiza
"0","420",GURP4,-65.9703769998,-65.8134622015,18.1343854862,18.2821429074,SERFC,SJU,GURP4,,PRIVERS,Gurabo,Rio Gurabo
"0","421",CMMG1,-84.1462500000,-83.4129166666,34.1329166666,34.8245833333,SERFC,FFC,CMMG1,,APALACH,Buford-Lanier,Chattahoochee River
"0","422",HAGS1,-80.1795833333,-79.0254166666,33.4204166666,34.4620833333,SERFC,ILM,HAGS1,,PEEDEE,Hagley Landing,Pee Dee River
"0","423",WINYAHIN,-80.0129166666,-79.1712500000,33.2870833333,33.7954166666,SERFC,ILM,WINYAH,,PEEDEE,Winyah Bay Inlet,Pee Dee River
"0","424",BGEG1,-84.6879166666,-84.0712500000,30.8329166666,31.8370833333,SERFC,TAE,BGEG1,f,APALACH,Bainbridge,Flint River
"0","425",WENN7,-80.5129166666,-79.8087500000,36.1204166666,36.7537500000,SERFC,RNK,WENN7,,ROANOKE,Wentworth,Dan River
"0","426",WTPG1,-85.4170833333,-85.1629166666,32.8454166666,33.0162500000,SERFC,FFC,WTPG1,f,APALACH,West Point,Chattahoochee River
"0","427",CTRG1,-84.6920833333,-84.1920833333,34.4204166666,34.8787500000,SERFC,FFC,CTRG1,,ALABAMA,Carters Dam,Coosawattee River
"0","428",RGLA1,-86.6004166666,-85.5879166666,33.6537500000,34.5954166666,SERFC,BMX,RGLA1,,ALABAMA,Neely Henry Dam,Coosa River
"0","429",MALF1,-85.5254166666,-85.1170833333,30.7412500000,31.2329166666,SERFC,TAE,MALF1,f,APPALACH,Marianna,Chipola River
"0","430",COLS1,-81.4212500000,-80.8712500000,33.9162500000,34.6120833333,SERFC,CAE,COLS1,d,SANTEE,"Columbia, SC",Congaree River
"0","431",NEPF1,-84.2837500000,-83.8170833333,30.2662500000,30.8245833333,SERFC,TAE,NEPF1,f,Suwannee,Newport,St Marks River
"0","432",ECNF1,-81.3504166666,-81.0545833333,28.3502949977,28.6620833333,SERFC,MLB,ECNF1,d,STJOHNS,Oviedo,Econ River
"0","433",MYRG1,-84.1085273032,-83.9337500000,33.6495833333,33.7558541666,SERFC,FFC,MYRG1,f,ALTAMAHA,"Yellow River near Millstead, GA",Yellow River - Millstead
"0","434",ESLS1,-81.9420833333,-81.3045833333,32.6870833333,33.0329166666,SERFC,,ESLS1,,SAVANNAH,Estill SC,Savannah River
"0","435",CLYG1,-81.5754166666,-81.2087500000,32.5079166666,32.8204166666,SERFC,,CLYG1,,SAVANNAH,Clyo GA,Savannah River
"0","436",BRIG1,-81.9962500000,-81.6254166666,32.9329166666,33.1495833333,SERFC,,BRIG1,,SAVANNAH,Millhaven GA,Brier Creek
"0","438",BCWG1,-82.6504166666,-81.9504166666,33.0412500000,33.4912500000,SERFC,,BCWG1,,SAVANNAH,Waynesboro GA,Brier Creek
"0","439",OLVG1,-81.9587500000,-81.4712500000,32.4787500000,32.9079166666,SERFC,,OLVG1,,SAVANNAH,Oliver GA,Ogeechee River
"0","440",EDEG1,-81.9379166666,-81.3295833333,32.1870833333,32.5766458333,SERFC,CHS,EDEG1,,SAVANNAH,Eden GA,Ogeechee River
"0","441",SWOG1,-82.8587500000,-82.3712500000,32.4120833333,32.9370833333,SERFC,,SWOG1,,ALTAMAHA,Swainsboro GA,Ohoopee River
"0","443",REDG1,-82.6962500000,-82.0837500000,32.0704166666,32.6620833333,SERFC,,REDG1,,ALTAMAHA,Reidsville GA,Ohoopee River
"0","444",DNDV2,-77.5045833333,-76.8712500000,36.9995833333,37.2495833333,SERFC,,DNDV2,,CHOWANRV,Dendron VA,Blackwater River
"0","445",FKNV2,-77.0795833333,-76.7004166666,36.7120833333,37.1370833333,SERFC,AKQ,FKNV2,,CHOWANRV,Franklin VA,Blackwater River
"0","446",BFYG1,-81.8462500000,-81.3212500000,32.9162500000,33.3412500000,SERFC,,BFYG1,,SAVANNAH,Burton's Ferry,Savannah River
"0","447",GIRG1,-82.2254166666,-81.4739110899,33.1120833333,33.5579166666,SERFC,,GIRG1,,SAVANNAH,Girard (Wayesboro) GA,Savannah River
"0","448",WHMS1,-82.1337500000,-81.5879166666,34.4995833333,34.7329166666,SERFC,GSP,WHMS1,,SANTEE,Whitmire SC,Enoree River
"0","449",WODS1,-82.4670833333,-82.0212500000,34.6370833333,35.0329166666,SERFC,,WODS1,,SANTEE,Woodruff SC,Enoree River
"0","450",CREA1,-85.8462500000,-85.1004166666,33.8954166666,34.7120833333,SERFC,BMX,CREA1,f,ALABAMA,Wiess Dam AL,Coosa River
"0","451",SUMG1,-85.4879166666,-85.1670833333,34.4662500000,34.7954166666,SERFC,,SUMG1,,ALABAMA,Summerville GA,Chattooga
"0","452",ECOF1,-83.8295833333,-83.4295833333,30.1620833333,30.3704166666,SERFC,,ECOF1,,SUWANNEE,"Econfina River near Perry, FL",Econfina River
"0","453",OCLF1,-84.9795833333,-84.6045833333,30.1704166666,30.6412500000,SERFC,,OCLF1,,SUWANNEE,"Ochlockonee River near Smith Creek, FL",Ochlockonee River
"0","454",STEF1,-83.4316458333,-83.0837500000,29.6912500000,30.1120833333,SERFC,,STEF1,,SUWANNEE,"Steinhatchee River near Cross City, FL",Steinhatchee River
"0","455",LAWV2,-78.2170833333,-77.8087500000,36.6245833333,36.9704166666,SERFC,AKQ,LAWV2,f,CHOWANRV,"Lawrenceville, VA",Meherrin River
"0","456",SOHV2,-78.5295833333,-78.1170833333,36.7245833333,37.1079166666,SERFC,,SOHV2,f,CHOWANRV,South Hill,Meherrin River
"0","457",VDSG1,-83.5254166666,-83.1462500000,30.8662500000,31.5037500000,SERFC,TLH,VDSG1,f,SUWANNEE,"Valdosta, GA",Withlacoochee River
"0","458",QUTG1,-83.5545833333,-83.2670833333,30.7870833333,31.0662500000,SERFC,TLH,QUTG1,f,SUWANNEE,"Quitman, GA",Withlacoochee River
"0","459",HRAG1,-83.7795833333,-83.3962500000,30.9954166666,31.3245833333,SERFC,TLH,HRAG1,f,SUWANNEE,"Harira, GA",Withlacoochee River
